publishedAt,authorDisplayName,textDisplay,likeCount
2024-05-26T13:01:38Z,@KimbabFamily,1000 won = 11.739 rupiah kurang lebih yaa Keluarga Online â¤,528
2024-05-26T13:08:21Z,@ditaandini236,Yeeeeayy belanja bulanan â¤<br>Makasih kimbab family udah ngajak belanja online lagi ğŸ˜ğŸ¥°,13
2024-05-26T21:50:40Z,@diangem2,Di indo dulu ada makro. Tp skrg udh tutup,1
2024-05-27T00:48:54Z,@Revan_adiba,"<a href=""https://www.youtube.com/watch?v=OejRGgzt3Y4&amp;t=69"">1:09</a>",3
2024-05-27T02:29:32Z,@Anggra-mk5qf,Costco ya itu mall nya?,2
2024-05-27T03:54:00Z,@KevinTejakusuma208,"Evening up akan kembali dengan informasi menarik lainnya, tetaplah bersama kami, lanjut pura-pura ngobrol",1
2024-06-10T23:18:06Z,@duapuluhlima733,jio asbun banget ğŸ¤£,0
2024-06-10T16:45:17Z,@End102,Olahraga nya apa mama gina? Anak 3 tp singset banget,0
2024-06-10T15:56:45Z,@riequithaniaputri,dede jio asbun bangett gemesssğŸ˜‚,0
2024-06-10T08:12:35Z,@elmasyafiranayla2023,Hehe nontonnya sambil makan rujak kacang gula merahğŸ˜‚,0
2024-06-08T15:27:56Z,@yulisariningrum4531,"Neng suji udah gadis ya.. lama nggak nonton youtube, kangen banget sama kimbab family â¤",0
2024-06-08T13:44:44Z,@user-ow6qk2mq4x,"Teh gina pengen liat tth dandan pasti lebih cantik, natural aja udh cantik cm penasaran aja klo pke lipstik agk berwarna gmn gtuğŸ˜…",0
2024-06-08T13:42:12Z,@uswaaa8788,kalo di indonesia itu namanya grosir kann,1
2024-06-08T10:30:45Z,@callystaokta7583,"<a href=""https://www.youtube.com/watch?v=OejRGgzt3Y4&amp;t=1014"">16:54</a> NGETAWAIN JIO LIMA MENIT ğŸ˜­ğŸ˜­ğŸ˜­ğŸ˜­ğŸ˜­ğŸ˜­ğŸ˜­",0
2024-06-08T07:47:22Z,@gontulent8873,"Pernah ngobrol sama atase perdagangan kbri dikorea,produk indonesia unggas ,buah susah masuk ke korea padahal produk tailand banyak ayam dikorea",1
2024-06-07T11:27:20Z,@SyakilaKeishaAzalia,Nangakak liat jio pas makan pisang ğŸ˜‚ğŸ˜‚ğŸ˜‚ğŸ˜‚,0
2024-06-07T02:26:08Z,@mulyeoggaming7374,Manggis sekilo bisa mahal gitu ya,0
2024-06-07T01:43:09Z,@melindadwidamayanti6121,"<a href=""https://www.youtube.com/watch?v=OejRGgzt3Y4&amp;t=371"">6:11</a> ngakak bgt mama gini panggil hey ke papa jay trs namanya jadi HEY di atas kepalağŸ¤£ğŸ¤£ğŸ¤£",0
2024-06-06T10:41:40Z,@YoutuberPemulaNih_,Indonesia harus supplai Korea Selatan buah buahan dan sayuran yang tidak ada di Korea Selatan,0
2024-06-06T02:42:25Z,@user-iz8zx9hz8d,"AkhirÂ² ini di daerahku musim manggis,2kg harga 15ribuğŸ˜Š",1
2024-06-04T15:39:48Z,@zyalivaripa2049,Mau nikah sama oppa oppa juga :(,0
2024-06-04T15:10:17Z,@Mieayam95,Ottokeee mama gina cantikkk parah,0
2024-06-04T03:07:14Z,@kalisyainun,kenapa sih bapak-bapak hobi banget beli kaos kaki,0
2024-06-03T11:40:15Z,@fajriyatulmasbachah8144,"Salah fokus sama tanaman lebat yg di kebun , jadi kangen kimbab family berkebun",0
2024-06-03T11:15:37Z,@diniyolindasari3560,Susah banget dapat danisa di Indonesia,0
2024-06-03T09:44:21Z,@SilaErsintar,Semangattttâ¤â¤,0
2024-06-03T09:28:02Z,@DimasFajar-ns4vb,buah nanas ada yang warna pink,0
2024-06-03T03:22:42Z,@Azkiazz-ws3yq,Udah kyk mallğŸ˜…,1
2024-06-03T02:14:48Z,@AGL0893,Baru tau kak rujak bsa pke ubi. Itu dimkn mentah?,0
2024-06-02T13:09:23Z,@anisapratiwi7912,Teh gina spill tas yg dipake donk lucu bgt ğŸ˜,0
2024-06-02T09:03:11Z,@aqilahumairoh6548,Kapan upload lgi kimbab family?,0
2024-06-02T06:43:47Z,@fikrinbl19,sehat selalu kimbab family,0
2024-06-02T06:07:10Z,@lensasriwahyuningsih1564,Selamat menjalani hari tete<br>Bahagia selalu bersama keluarga suami dan anak anak yg masyaAlloh.<br>Senang lihat konten teteh<br>Ditunggu vidoe video selanjutnyağŸ¤—ğŸ¥°ğŸ¥°ğŸ¥°,0
2024-06-02T02:40:35Z,@Izzu_77,"selalu kayak pengen nangis tiap liat konten kimbab family, krn haru bahagia gitu liatnya ğŸ¥°",0
2024-06-02T01:56:34Z,@LiaMarlinapebriani,Tapi kepengen danisa susah banget di tempat aku mama gin.. banyak nya malah sama merk sebelahğŸ˜¿,0
2024-06-02T01:56:20Z,@LiaMarlinapebriani,Tapi kepengen danisa susah banget di tempat aku mama gin.. banyak nya malah sama merk sebelahğŸ˜¿,0
2024-06-02T01:03:37Z,@fitriayuniarti6120,Lucu waktu mamah gina tebakÂ²an sma appa jayğŸ˜‚,1
2024-06-01T15:36:02Z,@dindaamelia1272,"<a href=""https://www.youtube.com/watch?v=OejRGgzt3Y4&amp;t=370"">6:10</a> ggr mamah gina manggil appa jay &#39;Hey&#39; dijidatnya pke kata &#39;Hey&#39; mana ekspresi appa jay kyk yg ngambekğŸ˜­ğŸ˜­ğŸ˜­ğŸ˜­",1
2024-06-01T15:29:54Z,@kahio5452,"Murah-murah yaa belanjaan di Korea, mahalan di Indonesia kalo kita bandingkan dengan UMR nya yang sama-sama sekitaran 4 juta.",0
2024-06-01T15:03:45Z,@pramuditacitraawalia8367,"entah kenapa, pas part snack singkong. aromanya menembus layar hahahaâ¤",0
2024-06-01T12:05:39Z,@ChatarinaKarenPurba,"teh gina, ketemuan lagi sama SHINEE dong,sakali kali ,kalau mereka ada waktu",0
2024-06-01T10:03:10Z,@Defa25,Teringat almarhum bapak kalo habis cobain sample harus dibeli karna ga enakeun wkwk,0
2024-06-01T09:09:41Z,@maminyatsauban,pas teteh bilang telur pindang aku jadi inget kl di dramaÂ² pas di sauna pasti ada telur begini,0
2024-06-01T09:01:16Z,@cakrawalajaya2583,â¤â¤â¤â¤â¤,0
2024-06-01T01:22:15Z,@meilarasati3887,Jio nambah ganteng aja â¤,0
2024-06-01T00:15:31Z,@bubble5644,â€œSemua pisang mah kebalik kalo dipohonnyaâ€ ğŸ˜‚,0
2024-05-31T17:25:57Z,@sayidatulfariha5502,mama gina tu klo ngmng lembutny mashaallahğŸ¥¹,0
2024-05-31T14:00:15Z,@lydiaryinfinite9290,"Dulu sebelum pandemi Indonesia (especially Bekasi hehe) ada supermarket begini, lengkap serba ada. Tapi krn pandemi dan kelar pandemi mereka jadi mengecil, dan cuma jual segmented barang, dan makin lama makin menciut. So sad ğŸ˜¢ğŸ˜¢",0
2024-05-31T06:12:09Z,@ireneulfaandisya4840,"Go to saunaa please kimbab family , you guys already have the egg &gt;.&lt;",0
2024-05-30T16:36:41Z,@shalmaadzkiafatmawatirobbie,keluarga gemessâ¤,0
2024-05-30T14:57:12Z,@exp-io853,"<a href=""https://www.youtube.com/watch?v=OejRGgzt3Y4&amp;t=1064"">17:44</a> &quot;yeobu ini cmn orng indonesia yang bisa?&quot; ğŸ¤£ğŸ˜­",0
2024-05-30T11:13:08Z,@rasyafani5599,"<a href=""https://www.youtube.com/watch?v=OejRGgzt3Y4&amp;t=926"">15:26</a> terharu liat jio yg langsung mau kasih kakaknya kelapa yg lain karna mama gina malah kasih ke dede duluan hahaha. jujur sedihnya berasa, bukan karna ada lagi barang/makanannya, tapi kesel karna slalu aja anak pertama harus ngalah dan jarang boleh pertama, pdhl suji udah excited duluan sblm mama gina coba hahahaha",11
2024-05-30T05:41:47Z,@nonabite4360,"ujung nanasnya bisa ditanam, bisa tumbuh gak yaaa disana ?ğŸ˜Š",0
2024-05-30T05:32:44Z,@catursari9307,"<a href=""https://www.youtube.com/watch?v=OejRGgzt3Y4&amp;t=773"">12:53</a> lucu bangettt diulang terus ğŸ˜‚<br><a href=""https://www.youtube.com/watch?v=OejRGgzt3Y4&amp;t=1153"">19:13</a> sweet banget yunji",0
2024-05-30T04:30:42Z,@febriciarayani6237,the edit &quot;HEY&quot; is so funny. Appa jay sulky xixixi,0
2024-05-30T01:43:54Z,@25thstardust,happy vibesnya kerasa bangetğŸ¥ºğŸ’œ,0
2024-05-29T18:45:41Z,@annisaautami,Kalo di sini kaya lotte wholesale mama gina :D,1
2024-05-29T16:51:16Z,@inarasidi107,"Masya Allah aura ny positif trs ya keluarga ini , pas ntn sedih galau agak berkurang, mksh ya udh sll natural d depan kameraâ¤â¤â¤",0
2024-05-29T16:26:20Z,@yalfariniamelia900,Telor di makan saat laparğŸ˜‚ gak salah sih wkwk,0
2024-05-29T15:27:36Z,@azhilabalqis2117,"<a href=""https://www.youtube.com/watch?v=OejRGgzt3Y4&amp;t=373"">6:13</a> : appa jay dipanggil hey : ğŸ˜•, wkwkw lucu bangettt",0
2024-05-29T11:10:42Z,@ayusetiawati5452,Jio makin gede makin ganteeeeeng,0
2024-05-29T11:08:45Z,@crockoaches,"Buah indonesia itu susah kalo mau ekspor. Aturan ekspor susah, gak ada standar grade quality dr pemerintah, beacukai mahal, blm kalo petugasnya nakal. Kalo di thailand sama vietnam memang semua hasil panen dibeli negara, ekspor jg dibantu langsung negara. Makanya buah dr negara2 itu melimpah ada di mana2",46
2024-05-29T09:06:23Z,@peonypixy,"sama mama gina, dirumahku juga gabisa kalo beli 1 doang ğŸ˜‚ğŸ˜‚ harus minimal 2. anaknya ada 3 (termasuk aku) soalnya ğŸ˜­ğŸ˜­",0
2024-05-29T08:10:54Z,@triRnetIndonesia,Yunji mana,0
2024-05-29T07:59:14Z,@AriAnggrayniR,Eh kayaknya dulu pada ga suka es kelapa,0
2024-05-29T06:46:16Z,@lindadwi2372,"Terjawab sudah pertanyaan, &quot;kenapa telur rebus di korea yang di tempat sauna warna nya coklat?&quot; Ternyata karena itu adalah telur panggang. Akhirnya bisa tidur nyenyak.",0
2024-05-29T06:31:54Z,@van13300,"&quot;beras bahasa indonya apa?&quot; - Mama Gina, 2024",0
2024-05-29T05:53:06Z,@loonee5652,"bocil2 udah mulai 10 tahun, kayanya mending di les bahasa Indonesia + bahasa Inggris deh teh, jadi biar ga kagok banget ngobrolnya<br><br>malah bagus kan kalo bisa 3 bahasa gitu",0
2024-05-29T05:50:31Z,@nabelaodelia7707,"<a href=""https://www.youtube.com/watch?v=OejRGgzt3Y4&amp;t=372"">6:12</a> ternyata appa jay kaya laki-laki lainnya yg kalo dipanggil bukan panggilan biasanya pasti langsung diinget wkwk, sampe diedit di kepala &quot;HEY&quot;",0
2024-05-29T04:18:13Z,@almafadhilah7886,Baru sempet nonton karena 3 hari di YogyağŸ˜¢â¤,1
2024-05-29T03:50:24Z,@indahkartikasari3659,Dulu waktu masih catering selalu belanja d care***r yg wholesale yaaa kek yg teh Gina lakukan mulai dari piring-perlengkapancatering-dagingbergelondong&quot; pokoke banyak lah ğŸ˜ğŸ˜,0
2024-05-29T03:48:05Z,@indahkartikasari3659,"Appa Jay n Teh Gina, gimana kalo kalian bertani aja, dan yg d tanam adalah buah&quot; Indonesia <a href=""http://www.youtube.com/results?search_query=%23ngide"">#ngide</a> ğŸ˜…",0
2024-05-29T03:07:58Z,@apriyeni4433,"Seneng bnt liat belanja, sering2 ya buat vlog belanja jd kita tau mall disana jaya apa hehe",0
2024-05-29T00:18:02Z,@OktavianaWulandarii,Yunji anak tengah agak sensitif ya jadi harus hatiÂ² banget,0
2024-05-28T16:54:34Z,@SaniyyahPutri,upload nya sering&quot; donggg plzzz,0
2024-05-28T16:13:31Z,@-HaninDyahDwiNatayaSriWibowo,ğŸ¥°,0
2024-05-28T15:23:54Z,@sabriana8670,ğŸ¥°,0
2024-05-28T15:23:48Z,@sabriana8670,ğŸ¥°,0
2024-05-28T14:38:00Z,@shalzanblh,Appa jay lg bete gasih apa perasaan ku ajğŸ™,0
2024-05-28T14:27:56Z,@ilda5349,"waahhh, closingnya bedaaaa",0
2024-05-28T14:04:56Z,@cookiescream9122,appa jay... istrinya makin cantik...,0
2024-05-28T13:45:36Z,@FarizaAurora,Sering2 mama gina bikin vlog belanja2 gini.. keliatan bgt mama gina happy nyağŸ˜‚ğŸ˜‚,0
2024-05-28T13:25:04Z,@user-wl3mw5if7w,"Mama gina orang sunda yg go internasional,&#39;alpuket di peyem &#39;ğŸ˜…",0
2024-05-28T13:22:24Z,@sierenz.879,MasyaAllah sehat sehat kimbab family biar bisa hibur keluarga online terussss!! â¤â¤,0
2024-05-28T13:19:26Z,@chikoyci9679,Mahal skali manggis huhuhu.. disini skilo 8000rp,0
2024-05-28T13:13:44Z,@Finnh25,Tapi telurnya murahh yaa itungannya,0
2024-05-28T12:12:28Z,@nitaryy13,lucuuuuu,0
2024-05-28T11:58:24Z,@rizkykhairani6031,"Ehhh iyaa, penasaran sauna di korea kaya gimana ğŸ˜‚ ayoo mama ginaa next video ke sauna rame2 ğŸ¥°ğŸ˜‚",0
2024-05-28T11:55:43Z,@jhoepee8240,holl.. ğŸ¤£,0
2024-05-28T11:11:45Z,@rubby911_,seru banget vlog kali ini,0
2024-05-28T10:17:26Z,@Stifaaera,Appa jay mukanya masem bgt pas dipanggil heyğŸ¤£ğŸ¤£,0
2024-05-28T09:15:18Z,@oliviatheresa5288,jujurly belajar ngucapin angka dalam bahasa korea dari dek Yunji. Makasi de.,0
2024-05-28T08:45:07Z,@marwindaup4915,Manggisnya bisa buat tebak2kan jumlah isinya itu ğŸ˜„ğŸ˜„ğŸ˜„,0
2024-05-28T07:56:48Z,@amandaardiyanti6229,Buah indo kalo di tmpat ku rata rata di ekspor nya ke china mama ghinaa,0
2024-05-28T07:12:01Z,@Gentsukibaikugareji,Mirip Carefour Indonesia ya . 1 atau 2 lantai tapi jualnya lengkap,0
2024-05-28T06:41:48Z,@amirarisyada8855,video kimbab family selalu ak tonton setiap makan uhuy,0
2024-05-28T06:25:40Z,@syauqinurmuhammad7024,"jarang nonton karena sibuk urusan kantor, eh taunya ponakan online udah makin gede gede ğŸ¤©ğŸ¤©",0
2024-05-28T06:06:16Z,@yayusitifauziah2738,Dede yunji sweet banget &quot;mama gak pa2&quot;.. trus di sun sama mama gina nya..,0
2024-05-28T05:57:35Z,@laveletzzz9645,"udah kyk cibadak ikea version<a href=""UCkszU2WH9gy1mb0dV-11UJg/DfgfY9LaNdmMq7IPuI2AaA""></a>",0
2024-05-28T05:51:59Z,@callmeeemaw,"Keseringan nonton drakor, jadi pas appa jay nanya telur panggang cocok dimakan dimana. Aku langsung bisa jawab saunağŸ˜…ğŸ˜…ğŸ˜…",0
2024-05-28T05:34:11Z,@anitadewisukmawanti8897,"selalu sholawatin keluarga ini, bener2 keluarga impian bgt <br>dan berharap klo keluarga ku nnti nya begini, aamiin aamiin",0
2024-05-28T05:26:18Z,@salsabilalda,heyyyyğŸ¤£,0
2024-05-28T05:24:16Z,@teman.hidup1906,"Teh gina, appa jay..mungkin sesekali bisa syuting ke tempat sauna korea.. pengen bgt liat real tmpat sauna dan apa aja yg dijual disana..seru bgt pasti bawa bocil2 kesna wkwkw â¤â¤â¤, sehat2 semua",0
2024-05-28T05:16:42Z,@roudlotulmutiah,"Cara hitung isi manggis itu pasti jumlahnya sama kaya tanda dibawah buah manggisnya, coba hitung deh kak hehe",0
2024-05-28T05:09:53Z,@wei7291,seru bangettttğŸ˜…ğŸ˜…,0
2024-05-28T04:07:39Z,@RA-di3mw,&quot;HEY&quot;,0
2024-05-28T03:55:33Z,@ringsugarcandy,Yunji keknya f ya mbti nya,0
2024-05-28T03:43:15Z,@ringsugarcandy,Lucu bgt apa jay ngambek gegara dipanggil hey wkwkwk,0
2024-05-28T02:45:11Z,@iceecaramel1295,Ini Costco kah?,0
2024-05-28T02:11:40Z,@ulhydwybatari6602,Kak @biancakartika harus liat caranya appa jay &amp; teh gina buka kelapa koreağŸ˜…,0
2024-05-28T01:59:20Z,@LasSorangan,Kegiatan di sauna teteh bareng   anak-anak pasti seru,0
2024-05-28T00:19:31Z,@bulannurfadilla3970,"hallo keluarga online semuaa, hallo kimbab family, doain aku yaaa siang ini aku mau sidang skripsi, karena degdegan dan udah capek belajar  aku alihin nonton konten ini ajaa biar rileks dikit hahahaha, doain aku yaa semua semoga lancarrr",1
2024-05-28T01:56:25Z,@sapikjidan9985,Aamiin smoga berhasil ya de bulan ...smangat,1
2024-05-28T03:52:37Z,@jikookie5735,"Semangat kak! Aku kemarin sidang skripsi juga. Tidak semenakutkan itu kok, yang penting tenang yaâ¤",2
2024-05-28T04:51:46Z,@zeekey,Semoga lancar dan sukses dengan hasil yang memuaskan. Tetap fokus dan tenang yaaâ¤,1
2024-05-28T00:08:53Z,@hernindyatiarss,"keluargaa terhappy banget inihh, mau video masak2 lagi dong mama ginaaâ¤",0
2024-05-27T23:43:57Z,@Alina-hk7uj,"Wih di korea udah ada manggis, chenle sm doy pasti seneng tuh",0
2024-05-27T22:53:33Z,@innesuryatmana943,"Ini mah mirip makro dulu, geosiran",0
2024-05-27T16:30:00Z,@ahyuhimmatululya3355,"<a href=""https://www.youtube.com/watch?v=OejRGgzt3Y4&amp;t=1153"">19:13</a> &quot;eomma gwenchanayo?&quot; ğŸ¥ºğŸ¤",0
2024-05-27T16:25:43Z,@alyaqodriyani9757,Wah closingnya beda,0
2024-05-27T15:13:31Z,@cacubil,closingan nya kenapa diganti yaaa :( padahal udah ciri khas bgt kimbap family ğŸ’”ğŸ˜“,0
2024-05-27T14:53:43Z,@RinaRina.05,Baru nonton hari iniğŸ¤“ğŸ’–,1
2024-05-27T14:39:15Z,@muhammadreyhandhia3134,Motivasi buat seluruh stake/share holder utk meningkatkan kualitas &amp; kuantitas produk utk dalam negeri dan ekspor,0
2024-05-27T14:05:35Z,@anon4814,Baru liat org Korea yg kena frame d belakang ga d blurr,0
2024-05-27T13:59:01Z,@indrhm5193,"Selalu happy liat video kimbab family, mama gina and appa jay sehat terusss yaaaa, adik2 ku jugaaa tumbuh kembang jadi anak yg baik ya sayang, selalu support kaliaaannn, loveâ¤â¤â¤â¤",0
2024-05-27T13:50:50Z,@sabiyaazka1551,"mama gina bikin alpukat kocok deh, pasti suji, yunji, jio suka",0
2024-05-27T13:46:16Z,@Yuliyantiangelia_,"Omma jio udh lebat itu rambutnya, hayu jadwalin cukur anak2 omma ğŸ˜Š",0
2024-05-27T13:32:43Z,@alifahtinnn,bikin ubi brulee mama ginaaa,0
2024-05-27T13:19:17Z,@rahmaoktariana4375,Love so much kimbab famili â¤,0
2024-05-27T13:00:28Z,@rhieyasuhiro3746,Kalau di kita juga ada Lotte wholesale ğŸ˜ produk Korea juga sih,0
2024-05-27T12:46:11Z,@Ufahesh,"&quot;Hey&quot; ngga tu, ditempelin di jidat. Appa ngambek tipis2 ğŸ¤£",0
2024-05-27T12:45:09Z,@fiachannel8434,Lucu banget pas jio yunji bahas sauna (saona)ğŸ˜‚ğŸ˜‚ğŸ˜‚,0
2024-05-27T12:43:21Z,@nuralka_,mirip kayak Lotte Mart kalau disini. tempatnya gede bgt isinya barang grosiran persis disitu,0
2024-05-27T12:42:12Z,@taengfever,Hahaha sesi unboxing belanjaan kenapa chaos bgt ya. Tapi lucu!!,0
2024-05-27T12:35:37Z,@qistinadzifa2379,Lucunyoo closingnya berbeda dari biasanyaâ¤,0
2024-05-27T12:29:55Z,@adamhawa7997,Fighting!!!,0
2024-05-27T12:28:54Z,@nabilalyal,Unboxing belanjaan bisa seseru ituuu gemeshâ¤,0
2024-05-27T12:21:00Z,@octavianamega603,borma versi korea ğŸ˜‚,0
2024-05-27T12:12:30Z,@AdindaRamadhani-yt9el,Vibes nya ingetin sama giant supermarket yg dulu ada di indonesia. Barang nya murah2 dan serba ada,0
2024-05-27T11:58:46Z,@rahayusetyowatinugroho,"Mama Gina kenapa? Sakit tangannya? Sampe Yunji khawatir. <br><br>Di Brebes tuh, telur asin panggang. Endulita, ga usah pake garam, udah asin ğŸ¤­",0
2024-05-27T11:44:35Z,@eveningsunz_,"Aku lupaaaa,, yang lahir di Indo tuh yunji, jio kah ?",0
2024-05-27T11:23:58Z,@gt.ridhaputrirahayu2309,"Terimakasihhhh kimbab family sudah bikin mood bagusss, selalu positif vibes semua keluarga niiâ¤â¤ sehat sehattt kalian berlima",0
2024-05-27T11:16:20Z,@user-zs7co6vw2y,Aaaaaak suji yunji cantik bgttttttğŸ‰ğŸ‰,0
2024-05-27T11:08:24Z,@indipajriyati7618,"semenjak kuliah terus jadi anak kos, nonton kimbab family bener bener ngobatin homesickğŸ˜‚",0
2024-05-27T10:54:51Z,@putrijuhanaa,seruuu nyooooo,0
2024-05-27T10:39:10Z,@NinaHerlinajajuli,Appa jay bete d panggil &quot;hey&quot; ğŸ˜…,0
2024-05-27T10:24:51Z,@ekifebyani26,â¤â¤,0
2024-05-27T10:22:34Z,@pinkaaa2820,"<a href=""https://www.youtube.com/watch?v=OejRGgzt3Y4&amp;t=369"">6:09</a> rasa2nya appa jay sebel dipanggil &quot;HEY&quot; ğŸ˜‚ğŸ˜‚ğŸ˜‚",0
2024-05-27T10:20:43Z,@silviyuliaalvi9192,selalu lucu dan happyyyyyyâ¤â¤,0
2024-05-27T10:16:31Z,@thaniahannasolon563,moodbosterkuuu ğŸ¤ğŸ¤ hangat sekalii videonyaa,0
2024-05-27T09:53:09Z,@bernhardin3164,ğŸ‘ğŸ¤©ğŸ‘,0
2024-05-27T09:08:41Z,@yusigumilar130,Videony selalu seru. Ga sabar buat liat Mama Gina bikin rujakğŸ‰,0
2024-05-27T09:05:59Z,@dilaamelia2804,Please closingnya tetep ada suji yunji jio subscribe like komennn dongg ğŸ™ğŸ™ krna lucuu bngettt,0
2024-05-27T08:46:47Z,@user-om2us7uc7c,Mama gina banyak lawaknya,0
2024-05-27T08:46:30Z,@fujanoorwafa5876,sukaaaa banget kalo udah belanja belanjaaa ğŸ’–ğŸ’–ğŸ’–,0
2024-05-27T08:43:28Z,@vverhouven06,Mama gina boleh tau supermarket apa namanya &amp; harus jd member dulu atau bebas belanja spt biasa?,0
2024-05-27T08:37:55Z,@user-hz4du4up9w,sunjiii paling banyak makan yaağŸ˜­,0
2024-05-27T08:23:35Z,@imammujahid3005,"Ngakak pas ada tulisan &quot;HEY&quot; di kepala Appa Jay ğŸ¤£, pundung dipanggil HEY ğŸ¤£ğŸ¤£ğŸ¤£",0
2024-05-27T08:22:54Z,@riaintans2454,Closingnya bedaaaaa gemessss,0
2024-05-27T08:21:16Z,@fiorelina4495,"Ubi 3kg di sini juga 15 ribu, tapi 15 ribu rupiah ğŸ˜…ğŸ˜…",0
2024-05-27T08:20:03Z,@ahmadsaepudin4765,Selalu seru kalo liat keluarga ka gina sama appa jay...kompak selalu..salam dri bogor,0
2024-05-27T08:10:22Z,@sekarpinasthy2335,Jadi pengen beli tanah terus buat kebun buah biar bisa ekspor sayur dan buahÂ²an indonesia kualitas premium,0
2024-05-27T07:44:26Z,@chenlenoona,"<a href=""https://www.youtube.com/watch?v=OejRGgzt3Y4&amp;t=277"">4:37</a> Gara2 chenle suka banget sama manggis, tiap liat manggis langsung yg diinget chenle ğŸ˜‚",0
2024-05-27T07:27:21Z,@mamamelon4939,kak collab sssama @tarawoni tv,1
2024-05-27T07:26:16Z,@annisawidiarti5010,WKWKWKW NGAKAK BANGET PAS MAMA GINA NIRUIN NANAS MIRING:((((((((((((((((((((((((((,0
2024-05-27T07:25:10Z,@hendicyrex1670,Jadi belajar angka ribuan dlm bhsa koreağŸ˜…ğŸ˜…,0
2024-05-27T07:21:41Z,@adelajulianasari4933,yeayy seru bgt diajak grocery shopping di koreağŸ‘ğŸ» semoga kedepannya makin banyak produk indonesia sama buah buahannya bisa impor ke koreaâ¤,0
2024-05-27T06:59:22Z,@indridls,HEY di atas kepala appa jay wkwk bgttt kata aku tehh ğŸ¤£,0
2024-05-27T06:57:46Z,@istiqomahdarwin6120,Jio : Sauna itu nama penjahat<br>Yunji : Itu Sa Ona ğŸ˜…,0
2024-05-27T06:56:13Z,@rjerji759,Mama ghina ngidam rujak sptnyağŸ˜…,0
2024-05-27T06:55:47Z,@nayeim7290,"<a href=""https://www.youtube.com/watch?v=OejRGgzt3Y4&amp;t=1216"">20:16</a> Mama gina: Beras bahasa Indonesia nya apağŸ˜­ğŸ˜­ğŸ˜­",0
2024-05-27T06:51:16Z,@Grefdata,"<a href=""https://www.youtube.com/watch?v=OejRGgzt3Y4&amp;t=593"">9:53</a> eh suara apa itu ahahaha",0
2024-05-27T06:32:44Z,@jiwoonmixx8466,indogrosirnya korea,0
2024-05-27T06:17:47Z,@SitiSalbiah-um1nj,ğŸ˜Š,0
2024-05-27T06:11:50Z,@ditaputri3312,Coba bikin video belanja bulanan n mingguan teh.. beli barang kebutuhan bulanan  kumplit dr A-Z..,0
2024-05-27T06:11:03Z,@monicaputrikpop2919,Pepaya msh mentah bisa di tumis di masak ...,0
2024-05-27T06:02:53Z,@kurniasaputri1795,lucu banget appa Jay keknya ngambek dipanggil HEY sama mama Gina ğŸ˜‚,0
2024-05-27T05:51:26Z,@Syahp.BUNANYA_NJUN,"Seneng banget sama bercandaan keluarga kalian, ekspresif banget .. jadi keikut happy nonton nya ..",0
2024-05-27T05:50:15Z,@Syahp.BUNANYA_NJUN,"Uwah ku liat mart nya bakal kalap sih, salut sma appa jay dan eomma gina bisa enggak impulsif .. mungkin dari awal udah di fokusin belanja apa dan pasti udah difikirin budget nya .. kalau dari mam yannie kim, lebih milih buat enggak belanja langsung, jadi online aja gitu .. tapi dua&quot; nya punya plus minus nya masing&quot; .. Kembali lagi disesuaikan sama kebiasaan tiap keluarga",0
2024-05-27T05:50:12Z,@lilischannel5065,"Walaupun telat, gak gercep tapi aku tim yg selalu nonton vlog nya kimbab family, huhu berasa di ajak belanja di korea sama mama gina sama appa jay, ğŸ¥° semoga suatu saat bisa ke korea ğŸ¤²ğŸ»",0
2024-05-27T05:49:45Z,@rezkaanandaa8209,huaaaa kangen kimbab berkebuunn lagii,0
2024-05-27T05:28:18Z,@ylindasimatupang,Senyum mengembang lebar saat menonton video iniğŸ¥º heart is fullâ¤ berasa jadi anaknya mama gina dan appa Jay terus punya tiga adekğŸ˜†<br><br><br>Tertawa terus dan bahagia terus uri kimbab family ğŸ¥°â¤,4
2024-05-27T05:28:06Z,@ilda5349,"Jadi pengen beli buah dehh. Paling suka klo udah dikupasin sama ibu, apalagi pas lagi fokus belajar gitu dikasihnya. Sekarang jadi anak kost serba sendiri. Kangen deh sama ibuğŸ˜¢",0
2024-05-27T05:13:21Z,@ismahsanjani9981,Bisa Coba Bola-bola ubi mams mumpung ada ubinya nice pasti â¤â¤,0
2024-05-27T05:07:23Z,@lofyoons,seperti biasa suka bgt kalo appa jay sama mama gina belanjağŸ˜»,0
2024-05-27T05:02:02Z,@putriyunita2959,Ini di Costco iyaa kak,0
2024-05-27T05:01:44Z,@putriyunita2959,Ini di Costco iyaa kak,0
2024-05-27T04:53:21Z,@nurfaridatulh,kalo di indo kaya lotte mart mungkin yaa,0
2024-05-27T04:47:25Z,@fionateo4135,"Kenapa bisa yah video 20an menit tapi enjoy banget nonton kimbab family, super hangat",0
2024-05-27T04:36:14Z,@yosevinsugiarto,"Baru opening, salfok sama sound videonya, kok makin jelas dan jernih,  eh bener ternyata pake microphone wireless hehe... Makinn prepareee makin niatt bikin videonyaağŸ˜ğŸ˜ jadi makin nyaman nih yang nonton hihi.. Makin kompakkk  n suksesss buatt Kimbab Familyyy Favoritkuhhâ¤â¤â¤â¤â¤â¤",0
2024-05-27T04:23:06Z,@dwitiarahayu,Sebelum ke Indonesia nanti pas libur sekolah. Buat konten seharian pakai bahasa Indonesia lagi dong mama Gina buat persiapan ğŸ¥°,0
2024-05-27T04:21:28Z,@Whatdouwant24,Mungkin belum memenuhi standar ekspor jdinya blm ada buahÂ² dari Indonesia atau bisa jadi sdh ada yg ekspor tpi tidak masuk ke Korea,0
2024-05-27T04:04:56Z,@kulsummutmainah9389,Teh gina bikin baso lg<br>Makan nya bareng mertua,0
2024-05-27T04:04:25Z,@adniyumnalutfiah5898,&quot;berasa bahasa Indonesia nya apa?&quot;<br>&quot;BerasğŸ˜‚&quot;<br>ğŸ˜…ğŸ˜…ğŸ˜…ğŸ˜…,0
2024-05-27T03:43:23Z,@sintadewi31112,"Di Bali juga yg konsepnya grosir kaya gini dan semua macam ada, namanya Makro skrg ganti jadi Lotte mart",0
2024-05-27T03:24:58Z,@emamatulqudsiyah2660,"Ayo dong pemerintah indo, gencarkan ekspor hasil-hasil bumi masyarakat, kalo rakyat makmur dan sejahtera kan kalian jg dapet pahala",0
2024-05-27T03:06:58Z,@kearifanlokalpart2,Seru gt lho keluarga ini tuh,0
2024-05-27T03:04:03Z,@piyikjawa5739,jio sudh berubah mukanya,0
2024-05-27T03:03:17Z,@minjeongi3,mama gina kasih tau klo manggis dibawahnya itu yang bentuknya kayak bunga klo diitung jumlahnya sama kayak isinya,0
2024-05-27T02:58:01Z,@kaisyahanifaaa,â¤â¤â¤,1
2024-05-27T02:47:54Z,@nurrohman9562,Selalu Seru â¤,0
2024-05-27T02:46:28Z,@ervinafuri2402,"Pas part tebakÂ²an telur panggang, mama gina kek bocil lucu banget hehehe",0
2024-05-27T02:41:04Z,@irmamartiyana2350,"Alpukat di Indonesia juga sekarang sedang murah mama Gina,, 1/2harga dari biasanya perkilo nya.. sedang musim dan bagus bagus hasil panennya.. ğŸ¤—",0
2024-05-27T02:38:56Z,@Anggra-mk5qf,"Kalo belanja di costo mah emang lengkap semua ada, tpi ya harus ada member nya bayar per thn",0
2024-05-27T02:30:11Z,@fitrikemala9078,Waktu ke sukabumi liat manggis di pinggir jalan sekilo 10 rb rupiah ğŸ˜†,0
2024-05-27T02:24:24Z,@haninasilmi8239,"aaaa closingnya gantiii... rada sedih karna ga ada like subscribe dan komentar dri suji yunji  jio, tp gapapaaaa lucu jugaa closing yg skarang, sehat selalu kimbab familyğŸ’–",0
2024-05-27T02:19:55Z,@doramdhan4575,Coba buat telur asin untuk 3 gemes mama ginaaâœ¨ï¸,1
2024-05-27T02:07:25Z,@hafidzdrew,"kalo menurutku kenapa Indonesia blm bisa export keluar negeri (selain faktor pemerintah dan rakyatnya ya). jadi misalnya Indonesia produksi 200juta buah perhari, sedangkan penduduk indo 270juta jiwa itu pun msh kurang krn masih butuh bantuan import dr luar negeri. misalnya Filipina produksi 150juta buah, penduduk mereka sekitar 115juta jiwa disitu ada kelebihan 35juta buah yg bisa di export dr negara mereka ke negara lain. maksudnya Indonesia menuhin kebutuhan dalam negeri masih kurang dan kualitasnya kurang bagus untuk di export, apalagi buat export wkwkwkwk itu sih menurutku. mudah mudahan suatu saat Indonesia bisa export lebih banyak lagi :D Indonesia masih banyak yg &quot;defisit&quot; blm bisa &quot;surplus&quot;",1
2024-05-27T02:03:44Z,@retnolestari5863,"terima kasih juga bwt mama gina, appa jay, neng suji, dedek yunji, dek jio sllu bikin qt happy sama videoÂ² kaLian...ğŸ¥°ğŸ¥°<br>jangan LeLah yah bikinin trs video bwt qt keLuarga onLine...ğŸ¥°ğŸ¥°<br>Love kimbab famiLy ğŸ’•ğŸ’•ğŸ’•ğŸ’•ğŸ’•<br>semangaaatttttttt ğŸ’ª",0
2024-05-27T03:55:21Z,@KevinTejakusuma208,Yuk kita boy cod BURNING SUN dan PEGI SETIAWAN,0
2024-05-27T02:03:14Z,@85motorsportgmailcom,Yunjii pencatat keuangan,0
2024-05-27T01:56:08Z,@mrstimothy3180,"Buat manggis hati hati cairan merahnya kl kena baju/kain ssh ilang kak,apalagi baju anak anak putih smua.ğŸ˜…... Kata org isi manggis bs di liat dri bagian bawah si manggis",0
2024-05-27T01:29:50Z,@mubasyirahsultana6717,Setelah nonton kimbab aku ngeuh di indo tuh mahal2 sebenernya.... telor 60pcs setara 4kg diindo 120rb rupiah di sana 13rb won.... kalo dibanding sama umr disana lbh murah sih biaya hidupnya. Misal gaji umr disana 2.5jt won beli telor 60pcs 13rb won. Disini gaji umr 2.5jt rupiah beli telor 60pcs 120rb.... walau kalau di kerupiahin 13rb won itu sekitar 150rb tp umr korea kalo di rupiahin jg 20jutaan lebih,0
2024-05-27T01:21:27Z,@inaina6760,Semua telor ya buat appa aja wkwkwjwk,0
2024-05-27T01:16:59Z,@kanayasyabila,lucu banget editan yg bagian HEYğŸ˜‚ğŸ˜‚ muka appa jay juga lucu,0
2024-05-27T01:02:47Z,@zulfatunnimah3590,"Selalu suka liat konten2nya,, positive vibe bgt â¤â¤â¤",0
2024-05-27T00:58:12Z,@jamu4523,"Buah2an dari Indonesia jarang ditemukan, karena permintaan dalam negeri sangat besar (populasi banyak) dan produksi buah2an tidak ada kelebihan untuk di export, malah kami kekurangan jadi import dari negara lain.",0
2024-05-27T00:46:19Z,@ruthsiregar4488,"lucuuu, saranghae kimbab familyğŸ˜˜ğŸ˜˜ğŸ˜˜ğŸ˜˜",0
2024-05-27T00:41:01Z,@OnePiece-im2dd,"<a href=""https://www.youtube.com/watch?v=OejRGgzt3Y4&amp;t=1490"">24:50</a> kasian appa jay wkwk yg makanan indo pd nyoba, yg khas korea malah gada yg nyoba",0
2024-05-27T00:32:39Z,@rhyzaldhydedhy698,Jio : &quot; sauna itu nama penjahat ? Aaaa &quot;<br>Yunji : &quot; kalau itu saona lah &quot;<br>Na ari jio jio ğŸ˜‚ğŸ˜‚ğŸ˜‚,0
2024-05-27T00:27:52Z,@nufij1419,"Seneng bareng2 belanja lagi, update harga Korea",0
2024-05-27T00:27:10Z,@novathianar,"<a href=""https://www.youtube.com/watch?v=OejRGgzt3Y4&amp;t=1153"">19:13</a>",1
2024-05-27T00:19:55Z,@chelsarmy,"Mama gina akhir2 ini lebih ekspresif ya keliatannya, seneng deh liatnya â˜ºï¸",0
2024-05-27T00:16:57Z,@niniktrisetyowati9468,"Assalamualaikum,teh gina dan appa jay, supermarket di Korea besar bgt,senang lhtnya.met belanja2 teh ginağŸ‘â¤ï¸",0
2024-05-27T00:15:22Z,@OnePiece-im2dd,"Sekeluarga di rumah baju mereka selalu satu tema yaa,, lucu bgtt",0
2024-05-27T00:03:36Z,@netchenchen,"biasanya kalo di busan aku juga sering belanjaaa kayak gini, di emart traders! hahahaha",0
2024-05-27T00:03:06Z,@schassiee,mirip tesco ğŸ˜,0
2024-05-26T23:59:14Z,@enjoyyourtime8,Keripik Singkong Indonesia memang mantabz rasanya.,0
2024-05-26T23:58:43Z,@user-br1nd4dg3f,"Wkakkw appa jay ngambek soalnya dipanggil &quot;hey&quot; ğŸ¤£ <a href=""https://www.youtube.com/watch?v=OejRGgzt3Y4&amp;t=372"">6:12</a>",1
2024-05-26T23:40:36Z,@kerajinandesa9673,"Teh gina ajakin anak2 buat panen2 strawberry dongg pasti bakalan happy,, keluarga online pun ikutt happy,, setuju tidak keluarga onlineğŸ˜Š",0
2024-05-26T22:59:06Z,@zuleykhaahmed4735,"Dulu di indonesia ada Goro dan Giant, tapi nggak ada yang bertahan lama, bangkrut ssmua",0
2024-05-26T22:30:00Z,@aishaamelia8799,jio lucu bangett,0
2024-05-26T22:13:51Z,@mohammadmarwan6874,Mirip2 indogrosir disini mah ğŸ˜Š,0
2024-05-26T19:43:12Z,@wrishni484,Wahh closing an nya baruuu ğŸ˜»,0
2024-05-26T19:31:09Z,@lisdapalupi297,bahasa indonesianya beras apa? beras ğŸ˜‚ğŸ’–,0
2024-05-26T19:15:42Z,@hans_thuhan,orang Indonesia susah mau ekspor buah.. soalnya kita lebih suka yang mateng di pohon.. kemarin Indonesia bisa ekspor mangga ke Jepang aja masuk berita karena biasanya gak mencukupi syarat standar ekspor.. paham lah.. di Indonesia makanan itu habis di dalam negeri jadi cuma sedikit petani yang mikirin bentuk biar estetik..,0
2024-05-26T19:10:57Z,@bundabilal6345,"Jadi inget bianca kartika beli kelapa bukanya ribet bangetğŸ˜†, kudu belajar sama teh gina cara bukanya",0
2024-05-26T18:55:13Z,@putrigk4913,Kirain bakal main tebakÂ² buah manggis ğŸ˜,0
2024-05-26T18:28:07Z,@sna3751,Mau content buat rojak &amp; sauna bareng,0
2024-05-26T18:10:19Z,@annisaastaizah6654,Sneengg bangettt nontonnyaaaaa,0
2024-05-26T18:04:22Z,@kinanti.wg18,salfok terus mamah gina cantikk bangetttğŸ˜ğŸ˜,0
2024-05-26T17:56:27Z,@Lidiaazhr,"mama ginaa coba buat minuman buah khas indo kaya sop buah, alpukat kocok, dan sebagainya seprtinya seru~",0
2024-05-26T17:55:50Z,@lifeis-fine,&quot;hey&quot; HAHAHAHA lucu banget sih appa jay xd,0
2024-05-26T17:54:25Z,@nasyiafadila5480,"terimakasih sudah aploadd, smpai selalu d bilang sma namjachingu ga bosan apaa rewatch muluuğŸ™‚ huhuu sangking rindunya~",0
2024-05-26T17:52:01Z,@muhamadrizal6741,Cungg yang nunggu vlog Mama Gina bikin rujak ğŸ™ŒğŸ™Œ,0
2024-05-26T17:43:08Z,@rahmahamaa1361,â¤â¤â¤,0
2024-05-26T17:39:40Z,@widyaningsih6603,"Episode grocery yg ngangenin nih mama gina. Soalnya udh lama banget ga bikin vlog grocery. Seruuu banget...ni mah pada lawak semua di video kali ini. Jd ketawa2 aja terus liatnyağŸ˜ŠğŸ˜Š.<br>Oh ya mama gina,td kue danisa buatan indonesia kata mama gina,tp di indonesia ga masuk. Dlu sempet masuk indonesia,pas kecil pernah makan. Emang enak banget,dripada monde. Hehe..tp bukannya itu dri denmark jg ya?? Betul ga mama gina?",0
2024-05-26T17:31:05Z,@inggridligya3581,Dah lama gk komen..,0
2024-05-26T17:28:47Z,@djelitachannel9188,Jangan lupa like ğŸ‘ŒğŸ‘ŒğŸ‘Œ,0
2024-05-26T17:15:45Z,@zakifaisalhusen643,"dipeuyeum dina beas teh hehehehhehe,",0
2024-05-26T17:11:29Z,@37kit,"Mama gina is so precious not a lot of people can do what she does. managing a household with three kids, a business, and everything else in between! And sheâ€™s doing so amazingly even with huge language and cultural barriers. <br>Always remember your worth mama gina! You deserve nothing less than being adored and deeply appreciated every single day! My huge respect goes out to you truly. Donâ€™t let anyone bring you down",53
2024-05-27T03:55:26Z,@KevinTejakusuma208,Yuk kita boy cod BURNING SUN dan PEGI SETIAWAN,0
2024-05-26T17:09:27Z,@yuan5553,what a loving family â£,0
2024-05-26T17:06:04Z,@dinnarbinda,yunjiiiii borong semua love language anak manis so sweet ğŸ¥°ğŸ¥¹ğŸ’•,0
2024-05-26T17:02:02Z,@rullynurseptia3328,keluargaaaa impiaannnn bangeet MasyaAllahğŸŒˆğŸ˜,0
2024-05-26T16:57:59Z,@nadiaputriastrini90,Ini di costco bukan mama ginaaa,0
2024-05-26T16:39:24Z,@nestiyahanifah1135,Waaah senang nya up lagi,0
2024-05-26T16:36:48Z,@ronaulinababan8621,telat bgtğŸ˜¢,0
2024-05-26T16:34:02Z,@gals3390,"Sayang banget yah produk pertanian Indonesia ngga diekspor, padahal disini harganya pada anjlok2 kyk jambu biji, duku, buah naga. bahkan banyak yg dibuang2 krn busukğŸ¥² pemerintah nih harusnya melek sama potensi eksporğŸ¥²",0
2024-05-26T16:33:45Z,@faranitanurulia8188,"Aku gk pernah komen tapi selalu nonton ğŸ¥°  , yunji kamu sweet sekali â¤ , semoga bisa update seminggu 2x ya hihi",0
2024-05-26T16:33:33Z,@brownie0501,wahh kaget banget closingnya bedaa.. kirain bakal kayak biasanyaa dek jio komen komen komen sampe video slesai ğŸ˜‚,2
2024-05-26T16:32:36Z,@daisynim_,"<a href=""https://www.youtube.com/watch?v=OejRGgzt3Y4&amp;t=1152"">19:12</a> lucu bangetttğŸ˜­ğŸ˜­â¤â¤",0
2024-05-26T16:32:35Z,@ilmaazahrailmaya4875,mungkin kalo di indonesia sama kayak lotte grosir menurut ku,0
2024-05-26T16:32:07Z,@tiaradiniartyfitria,"gabisa jadi yg pertama dan berburu lik lagi karna sibuk kerja huhu,,, tpi gapapa nnton nya sepulang kerja, jadi obat cape ğŸ¥°",0
2024-05-26T16:31:31Z,@gals3390,"nontonin kimbab family dari awal kuliah, sampe sekarang dah lulus dan kerja, masih tetep jadi keluarga favorit. Sehat- sehat terus kimbab familyâ¤",0
2024-05-26T16:29:48Z,@SantosoPratwmabudi,HEY ğŸ˜‚,0
2024-05-26T16:22:15Z,@yoraseul5614,Chenle harus tau kalo di korea ada manggis wkwk,0
2024-05-26T16:20:18Z,@cauliya,Eomma appa jangan lupa update kebun lagi,0
2024-05-26T16:19:55Z,@nicymhanicymha540,Sehat selalu appa jayy ğŸ’,0
2024-05-26T16:19:49Z,@lywiaraja3831,"Ada yg blg klo ajak bapak2/suami belanja itu g bs lebih dr 20 menit, tp tiap x liat mm gina n appa Jay belanja kok ky na g pernah liat expressi bt diajak belanja. Amazed bgt, smoga bs nemu jodoh yg sabar jg yaa aamiin",0
2024-05-26T16:19:06Z,@zai.jipunss,Ditunggu video bikin rujak nya mama ginaaaa ğŸ˜‚ğŸ˜‚ğŸ˜‚â¤â¤â¤,0
2024-05-26T16:17:44Z,@kimjuncotton709,Alpukatnya setauku jenis itu cocok untuk salad krna gak manis. Beda sama alpukat indonesia hehe,1
2024-05-26T16:13:56Z,@mareeyaa8980,penyemangat aku dikala nugas dan  menghilangkan sedikit rasa kangen  karena ngerantau kuliah jauh dari orang tua dan keluarga,0
2024-05-26T16:13:13Z,@anafittt1950,"Telur asiiiin kalo disini kebanyakan telur bebek mamagina, enak buat lauk rawon, soto gituuuuu~~ moga2 bs dimasak bareng jd endulsss tp jangan banyak2 bs naikin tensi ğŸ˜‚",0
2024-05-26T16:12:35Z,@ApapSkuy,sumpah aku dah 3 tahun ga nonton trus tiba&quot; kangen kimbab family halo aku kembali ğŸ‰ğŸ˜Š,1
2024-05-26T16:12:34Z,@ishidashouya7225,Beras bahasa Indonesia nya apa? ğŸ˜­ğŸ˜­,0
2024-05-26T16:11:59Z,@kikisakamoto,"export kita di jegal teh, bahkan orang sini memperberat banget untuk export ke LN, syaratnya dipersulit, biaya pajaknya sering bikin sakit ati",1
2024-05-26T16:06:16Z,@wataedelweis,"Adakah manteman yg gabut notalin semua belanja ? Kepo aya sabaraha sadayana <a href=""http://www.youtube.com/results?search_query=%23fighting"">#fighting</a> <a href=""http://www.youtube.com/results?search_query=%23keluargaonline"">#keluargaonline</a>",0
2024-05-26T15:57:11Z,@vincentiusevan7756,God Bless You guyss {},0
2024-05-26T15:56:47Z,@sc_gstnnr,Auto laper mata kalo kesitu karna semua ada,0
2024-05-26T15:56:18Z,@wulandesuwatashiwa,Seht2 teruss Kimbab Family ILY â¤â¤â¤,0
2024-05-26T15:48:38Z,@esyeoff,appa jay sensitif dengan kata &#39;ngdate&#39; ã…ã…ã…ã…,0
2024-05-26T15:46:09Z,@Zuliya26,Teh ginaaaaaa<br>Persib 3-0 doakannn juara taun iniiiiiiii. Persib maung bandungğŸ’™ğŸ’™ğŸ’™<br>Baru nonton ini setelah Persib beresss sehat terus kimbab family semoga bisa bertemu â¤â¤,0
2024-05-26T15:45:43Z,@melyristiyani,Neng suji kelihatan udah dewasa ya teh,0
2024-05-26T15:43:54Z,@jerrysaifudin5201,Salfok pohon kesemek di kebun skrg udh gedee banget...,0
2024-05-26T15:41:48Z,@caty3749,Ini sih LOTTE MART level upp banget ğŸ˜‚,0
2024-05-26T15:37:23Z,@lizayohanfat77,Kalo saya ke Korea boleh mampir rumah mama Gina Appa Jay ngga yaa,0
2024-05-26T15:36:51Z,@mbeweh5043,"<a href=""https://www.youtube.com/watch?v=OejRGgzt3Y4&amp;t=367"">6:07</a>-<a href=""https://www.youtube.com/watch?v=OejRGgzt3Y4&amp;t=390"">6:30</a> suami nemenin istri belanja cuma bisa &quot;hmm...hmm...hmm&#39;&#39;",0
2024-05-26T15:33:53Z,@dewifajri3406,Kangen kimbab family bareng Shinee . Semoga nanti kimbab family bisa masakin alla member shinee masakan indo dirumah mama guna â¤â¤â¤,0
2024-05-26T15:33:00Z,@BHambaAllah99,"Kimbab Family semoga bisa Collab sama Yannie Kim, Sepertinya seru dua ibu dan punya anak seumuranâ¤â¤",0
2024-05-26T15:31:59Z,@rifarifa9922,Teh kalo bisa sertai harga dngn kurs rupiah,0
2024-05-26T15:28:43Z,@FarahUtami-oe8vp,"Aku lagi belajar uat ekspor ke luar negri tapi msh belum tau mau ekspor apaa trus lihat video kimbab inspirasi bermunculan, bismillah semoga bisa ekspor buat Indonesia",3
2024-05-26T15:27:30Z,@naschan-dz1mp,Jio : &quot; Sauna itu bukannya yg jahat? &quot;<br>Yunji : &quot; Itu soonağŸ™ƒ&quot;<br><br>Jio udah bisa ngelawak ala2ğŸ˜‚,0
2024-05-26T15:27:02Z,@ribkaoctavia7481,selalu ditunggu dan selalu semangat nontonnya.. sehat terus kimbab family ğŸ˜â¤,0
2024-05-26T15:20:53Z,@leehcyy,Closing nyaaa lucuuuu hahaha ğŸ˜­,0
2024-05-26T15:17:34Z,@sholikinsholikinorapopo8433,Coba aja buah kelengkeng di import ya. Kan kelengkeng indonesia juga yang paling bagus katanya.,0
2024-05-26T15:16:31Z,@fightingchingoo8665,Appa pas bisa nebak bahasa indonesianya lobak: â€œokee! dapet pokemon cardâ€ HAHAHA LUCU BANGET ğŸ˜­ğŸ˜­ğŸ˜­,1
2024-05-26T15:15:15Z,@enricoenrique1959,Borong buahnya mama gina,0
2024-05-26T15:15:13Z,@elizaharumyati2182,Makin seru seru bangetğŸ˜ğŸ˜ğŸ˜,0
2024-05-26T15:14:59Z,@arrioreno,Kenapa pas yunji ngomong belanja lucu bgt yaa wkwkwkkwk....,0
2024-05-26T15:13:59Z,@user-vd9zn6lx3n,mau kasih tau chenlee skrg di kotrea ada manggiss,0
2024-05-26T15:11:54Z,@geheimeaanbidder.940,"kalo di indo mirip mirip kaya carefour atau transmart, cuma di korea itu kayanya tempatnya lebih besarğŸ˜³",0
2024-05-26T15:11:40Z,@ratnaadewi2717,Tontonan yg ga pernah aku skip â€” setiap minggu selalu nungguin ! â¤,0
2024-05-26T15:09:29Z,@indahherliyana2512,"Waw seruu mam, di KorSel ada Costco Wholesale jg kan kayaknya? Cb mam bandingin sama di Costco, apa udh pernah ke Costconya?",0
2024-05-26T15:06:02Z,@Lijul,Gasabar nunggu rujak nya ğŸ˜†,0
2024-05-26T15:06:01Z,@niaajjza,Jurak gk tuh mama ginağŸ˜…ğŸ˜‚ğŸ¤£ğŸ¤£,1
2024-05-26T15:04:46Z,@brzzzzz8112,"mama ginaaaaaaaa , buat mie ayam bandung dong pasti enak banget dan pastinya anak2 suka itu â¤<br>SEMOGA DI NOTICE HEHEHE ğŸ˜Š<br>â¤SEHAT SELALU KIMBAB FAMILYâ¤",0
2024-05-26T15:03:01Z,@putriwulansarii,Ga ada komeng komeng dari JioğŸ˜®,1
2024-05-26T15:00:58Z,@naschan-dz1mp,Up,0
2024-05-26T15:00:17Z,@Nadhiraqairana068,"Maaf ya baru nonton pas udah up 2 jam yang lalu , soal nya baru beres nonton drakorğŸ˜…ğŸ˜‚ , semangat kimbab familyâ¤",0
2024-05-26T14:59:25Z,@feeldaisy98d,"<a href=""https://www.youtube.com/watch?v=OejRGgzt3Y4&amp;t=1154"">19:14</a> sweet banget adek yunjiii awww &lt;3",0
2024-05-26T14:59:03Z,@nyanggoro,Jadi menantikan konten bikin rujak cuka ğŸ˜…,0
2024-05-26T14:55:20Z,@Aini8188,Beras bahasa indonesia nya apa ğŸ˜‚ ngelawak nih mama gina ğŸ˜…,0
2024-05-26T14:53:26Z,@WidaEka-hk2gl,sama kaya lotte mart jual grosir,0
2024-05-26T14:53:25Z,@amehawa,Closingnya fresh â¤â¤â¤,0
2024-05-26T14:51:59Z,@miarasdianaayu25,Suka banget interaksi appa jay sm sujiğŸ˜‚ğŸ˜‚ğŸ˜‚ğŸ˜˜,0
2024-05-26T14:49:54Z,@dindamaytafarhanah399,Bisa nambah hari ngga kimbab family jadwal tayangnya ğŸ˜©,0
2024-05-26T14:46:19Z,@mutiaauliyaunisaa3211,Selalu seruuuuuuuu!!!â¤,0
2024-05-26T14:45:33Z,@athayaputri5639,Wahh outro nya ganti nihâ€¦ ğŸ˜€ğŸ˜„,0
2024-05-26T14:45:17Z,@FaiqQodiri,"Hangat sekali hati ini, liat dede yunji di <a href=""https://www.youtube.com/watch?v=OejRGgzt3Y4&amp;t=1152"">19:12</a>  ğŸ˜",0
2024-05-26T14:43:58Z,@WawandiSurabaya,"<a href=""https://www.youtube.com/watch?v=OejRGgzt3Y4&amp;t=1217"">20:17</a> Beras bahasa Indonesianya apa sih eomma? Jadi mikirkan ğŸ˜‚ğŸ˜‚ğŸ˜‚",0
2024-05-26T14:43:51Z,@ruru7999,"ngakak banget di menit <a href=""https://www.youtube.com/watch?v=OejRGgzt3Y4&amp;t=372"">6:12</a> ğŸ¤£appa jay langsung kek cemberut gt pas dipanggil &quot;hey&quot; mana ada nametag &quot;HEY&quot; di dahi",0
2024-05-26T14:42:54Z,@riskyeah,selalu sukakkk deh kalo liat appa jay sama mama gina lagi ngedateğŸ¥°ğŸŒ¹,0
2024-05-26T14:42:28Z,@EnurRani-fd5xd,Sering sering buat video belanja gini ya teh gina.......â¤,0
2024-05-26T14:42:23Z,@nurulazizahofficial2955,Total belanja 177.130 won tanpa nasi instan <br><br>Nasi instannya lupa nyebutin harga,0
2024-05-26T14:42:06Z,@yusupsetiawan2245,"Di indonesia oge aya lottemart  perusahaan nu kawit na ti korea,tempat na oge mirip siga nu aya di video",0
2024-05-26T14:39:58Z,@farahfatacharnisa8878,Seru banget. Tapi saya sekarang seminggu sekali uploadnya,0
2024-05-26T14:39:52Z,@aryasuhartanto6982,Alhamdulillah,1
2024-05-26T14:39:30Z,@monichasalma515,Selalu nungguin konten dari kimbab family,0
2024-05-26T14:35:55Z,@Brenda_bben,Kimbab Family kok ngak pernah ke tempat sauna yg biasa ada di drama korea? apa anak2 blm bisa masuk situ? di drakor keliatan seru soalnya. ğŸ˜Š,0
2024-05-26T14:33:55Z,@qinaaa8394,moodbooster bgt nnton video mama ginaa. manifesting nanti punya keluarga kyak mama gina dan appa jay. sukses selalu mama gina dan appa jayy. fightinggg â¤,0
2024-05-26T14:33:54Z,@abiehabibi4394,"selsei kerja, sholat , bikin nasi goreng , makaan sambil nntn kaliaan â¤",0
2024-05-26T14:33:04Z,@stvrlightwight,"Udah bisa nebak nih kayanya *sotoy wkwk, nextnya bikin rujak Indonesia wkwk",0
2024-05-26T14:32:37Z,@lianovita2312,Selalu suka sama keluarga kimbab family. Sehat2 terus sekeluarga dan selalu harmonis â¤ smoga dilimpahi berkah dan kebahagiaan di tengah2 keluarga mama gina. Lancar selalu smua urusannya dan dilimpahi rezki yg banyak aamiin â¤â¤â¤â¤,0
2024-05-26T14:32:24Z,@nochu5563,"Mama gina, susah ga nyari makanan/restoran halal di korea?",1
2024-05-26T14:32:07Z,@hanirohani534,Sebelum bobo liat kimbab duluğŸ¥±ğŸ¥±,0
2024-05-26T14:31:45Z,@putripucca,"Lucu bgt ada tulisan â€œheyâ€ dikepala Appa jayğŸ˜‚ <a href=""https://www.youtube.com/watch?v=OejRGgzt3Y4&amp;t=372"">6:12</a>",0
2024-05-26T14:31:38Z,@kamilaanindita7614,Suka nih kontennyaâ¤,0
2024-05-26T14:31:34Z,@dwimey9018,kalo di indonesia kaya lotte grosir gasi kan lotte dari korea,0
2024-05-26T14:30:37Z,@YunitamustikaNita,Tumben bgt di video ini appa jay keliatan gk excited dan gk ada semangat nya sama sekali. Ngerespon semua omongan mama gina berasa letih lemas lesu gituu yg biasanya selalu ceria dan ada aja tingkahnya. Tapi di video ini bedaâ˜¹ï¸,2
2024-05-26T14:28:42Z,@ridhaaaaa3573,"Closingnya dah diganti tanda Sujii yunji jioo beneran dah gede huhuu, sehatÂ² terus kimbab family",0
2024-05-26T14:26:30Z,@erlinsabastian9230,"Makin hari makin luuuv kimbab familyğŸ¤ğŸ¤ abis nontonin video pertama bener2 dari bawahh saking semua video udah aku tonton, di kantor, di kamar dimanapunnğŸ˜­ğŸ¤ mama gina appa jay motivasikuu percaya pernikahanâœ¨ğŸ¤",0
2024-05-26T14:25:03Z,@Sitimaisyaroh22,Mama gina makin cantik,0
2024-05-26T14:24:21Z,@lailatulmaghfiroh4307,Yeee vlog baruu,0
2024-05-26T14:19:36Z,@nzaftrian9483,Selalu nungguin videonya dan selalu happy setiap nontonnya â¤ğŸ¥º,0
2024-05-26T14:19:33Z,@oktamahendra7605,"Aku tinggal di Thailand, produk Mayora emang selalu mendominasi ya, bahkan di supermarket sini yang harusnya mudah nemuin Indomie, malah ketemunya produk2 mayora kayak Beng Beng.",2
2024-05-26T14:19:01Z,@Butterine,Doanya smg d indo ada supermarket begini â¤ seruuu smg makin sering vlog beginii hihi â¤â¤,0
2024-05-26T14:17:21Z,@fitriaaprini1414,"Pemerintah kita kurang support para petani buat ekspor hasil panennya, liat diberita kalo harga lagi anjlok malah buahnya dibuang2in ke sungaiğŸ˜¢ harusnya disupport cara olah jadi buah siap saji, terus diekspor deh",18
2024-05-27T03:55:22Z,@KevinTejakusuma208,Yuk kita boy cod BURNING SUN dan PEGI SETIAWAN,0
2024-05-26T14:16:58Z,@ilmarahmafitria9995,dede yunji ğŸ’•ğŸ’•ğŸ’•,2
2024-05-26T14:15:49Z,@wilkifauzi,"&quot;beras,beras bahasa Indonesianya apa?&quot;<br>ğŸ—¿ğŸ—¿ğŸ—¿ğŸ—¿ğŸ—¿",0
2024-05-26T14:12:57Z,@sanitamima,Kimbab family perlu bikin bideo Sauna nih.<br>Anak anak pernah ke sauna ga sih?,1
2024-05-26T14:12:40Z,@holyholymevoyez4925,nama tempatnya apa mama ginna,0
2024-05-26T14:11:52Z,@atikatik6917,Appa jay kalu di depan anak anak berasa bukan sama anak.. tapi sama temannya ğŸ¤­ğŸ¤­ğŸ¤­ğŸ¤­ğŸ¥°ğŸ¥°ğŸ¥°,0
2024-05-26T14:10:40Z,@andianaandriani8008,Itu kelapanya merk del monte bukan teh? Kaya merek saus sambl di indonğŸ˜‚,0
2024-05-26T14:09:03Z,@enggibeddiarys,"Aaaa kalian semuaa lucuuuuu, manifesting punya keluarga kek ginii di masa depann wkwkw.<br>Sehat selalu yaa kimbab family &lt;3",0
2024-05-26T14:08:47Z,@butterrfliess,mama gina makin cakep aja masyaallah,0
2024-05-26T14:08:15Z,@pujiyaty7387,&quot;Kang hey mau kemana&quot;ğŸ¤£,0
2024-05-26T14:06:34Z,@fadhverfz,Main tebak-tebakan isi buah manggis sama adek-adek Mama Gina! ğŸ¤­ğŸ˜,0
2024-05-26T14:01:50Z,@septiamayasari5254,Uwaaaaa,0
2024-05-26T14:00:15Z,@raffiliamp,HEY mau kemanaaaağŸ˜­ğŸ¤£ğŸ¤£,0
2024-05-26T14:00:04Z,@anggit._,"supermarketnya mirip2 samaaa care4 yaa, lebih lengkapppp, mantul niyy vlog asupan malamm &lt;3",0
2024-05-26T13:59:44Z,@EchaSWAD,Appa openingnya ga ada &quot;Hyuuuukkk...&quot; ğŸ˜…,0
2024-05-26T13:58:57Z,@vikartika,Semangat belanjanya kimbab familyğŸ˜Š,0
2024-05-26T13:55:22Z,@EstiSutardi,buka hanbon,0
2024-05-26T13:54:23Z,@167_dheanawang4,"sehat2 slaluu appa jay, mama gina, neng suji, dek yunji dan dek jiowwğŸ«¶âœ¨ï¸<br>god bless uğŸ¤",0
2024-05-26T13:53:51Z,@hrs.putra1092,Teh klo di Korea gimana idul adha nya....ğŸ˜ŠğŸ˜Š,1
2024-05-26T13:52:23Z,@amandachita6718,Coba sekali2 ke Costco dong mama Gina apa Jay. Penasaran sama Costco Korea apalagi bagian skincarenya ğŸ¤­,0
2024-05-26T13:54:26Z,@FauziahAiniBintiMuhadi8,Uwii aku baru tau kalo ada costco di korea,0
2024-05-26T13:49:20Z,@chlava_,suji cantik mirip incen yg di tiktok,1
2024-05-26T13:48:37Z,@Mazzamhaikal,wawww ğŸ˜ŠğŸ˜ŠğŸ˜Š,0
2024-05-26T13:46:34Z,@niaa21_,di tunggu vidio buat rujak nya hehe,0
2024-05-26T13:46:32Z,@shaa0014.,YA AMPUN GEMASH SEKALI COUPLE INIHğŸ˜­ğŸ˜­ğŸ’—ğŸ’—,0
2024-05-26T13:46:21Z,@intanmaharani4225,"Closingannya udah ganti sekarang, tetep lucu polll",0
2024-05-26T13:45:57Z,@niaa21_,SEMANGATT KALIAN SEMUAA!!ğŸ’ŸğŸ’Ÿ,0
2024-05-26T13:45:50Z,@trinovianingsih153,"Asaan teh liat mama gina makin cantik aja, sukaaaâ¤",3
2024-05-26T13:45:15Z,@mochamadwahyudi9127,Jio asbun bngt ğŸ˜‚,1
2024-05-27T00:17:05Z,@OnePiece-im2dd,Adikku juga gtğŸ˜‚ğŸ˜‚ğŸ˜‚,0
2024-05-26T13:44:58Z,@lisalutfiani5176,Appa jay bkin vlog masak2 khas Korea dong tapi masakan rumahnya. Jadi makin tau kita tentang Korea,0
2024-05-26T13:44:27Z,@Tjahjaterang,Wahh closingannta beda yaa,0
2024-05-26T13:43:48Z,@EstiSutardi,ngakak &quot;hari minggus&quot; kitağŸ˜‚ğŸ˜‚ğŸ˜‚ğŸ˜‚ğŸ˜‚,0
2024-05-26T13:42:21Z,@fitriatiningsih377,Manggis berapa harganya? Ga ke spill divideo,0
2024-05-26T13:41:13Z,@diantoardi9767,"Teh kalian berdua itu kyk org yg msh pacaran.<br>Sllu romantis,smga sllu bhgia dan ttp hngt dlm mmbnia klurga.",4
2024-05-27T03:55:23Z,@KevinTejakusuma208,Yuk kita boy cod BURNING SUN dan PEGI SETIAWAN,0
2024-05-26T13:40:26Z,@glussieee21,bisa bisa nonton ini bikin salting hehe,0
2024-05-26T13:39:45Z,@triyogaadian1211,Fix next video bikin rujak. Gak sabarrrğŸ˜†,0
2024-05-26T13:38:13Z,@niaa21_,"<a href=""https://www.youtube.com/watch?v=OejRGgzt3Y4&amp;t=1151"">19:11</a> sosweet sekalii yunjiiiğŸ’Ÿ",1
2024-05-26T13:37:59Z,@indriyanimuhamad6368,Nggak pernah komen.. tapi selalu nontonâ¤â¤ğŸ˜Š,0
2024-05-26T13:37:21Z,@EstiSutardi,ì²˜ê¸° enak ë˜ ì´ë„¤ ğŸ˜‚. auto shifting bahasa udah,0
2024-05-26T13:36:44Z,@user-fo5cs6dj4b,Dek Ji ow semakin ganteng,0
2024-05-26T13:36:26Z,@indriyanimuhamad6368,Tidak bisakah lebih sering upload video oma appa.. suka banget kimbab familyğŸ˜ğŸ˜,0
2024-05-26T13:34:21Z,@berliantinhabibah4968,"Tim yang sebelum makan manggis, liat bagian belakangnya dulu biar tau jumlah isi buahnya ğŸ˜†âœ‹",0
2024-05-26T13:32:20Z,@johanadewi1551,Apa ini di costco?ğŸ˜Š,0
2024-05-26T13:31:50Z,@rhmtdo,Disana keliatannya kebanyakan harga barang ngga ada yang bulet ya teh,0
2024-05-26T13:31:39Z,@yeniwispa,Agak susah mama Gina kalau mau ekspor buah dan sayur dari Indonesia. Semoga produk pertanian Indonesia semakin banyak yang bisa diekspor,50
2024-05-27T03:55:28Z,@KevinTejakusuma208,Yuk kita boy cod BURNING SUN dan PEGI SETIAWAN,0
2024-05-26T13:30:33Z,@suhaliah1325,â¤â¤,1
2024-05-26T13:30:16Z,@bongtjoenhau4224,Anak anak yang tidak suka cuma telur yg papa jay beli ! Kadang diINDONESIA  jga ada yg tidK bisa makan ! Dalamnya kadang warna hitam kyak telur busuk ! Sehat selalu KIMBAB FAMILY â¤â¤â¤,0
2024-05-26T13:30:12Z,@eternalborahae0613,makasih kimbab family karena selalu jadi mood booster untuk menghadapi dan menjalani hari seninku ğŸ˜¸ğŸ’•,0
2024-05-26T13:28:24Z,@mutiamutia4372,Kl temptny ky gitu kyny g ke ubek semua keburu pegeul hehe,0
2024-05-26T13:28:06Z,@niaa21_,suara ny lebih jelass ternyata ada mic(?) nya hehe,0
2024-05-26T13:25:20Z,@adityaheryono2890,"Semoga kembali punya istri lagi, yg kayak teteh ginağŸ˜‚",0
2024-05-26T13:22:54Z,@niaa21_,"<a href=""https://www.youtube.com/watch?v=OejRGgzt3Y4&amp;t=339"">5:39</a> AHAHAHAH LUCU BANGETT MAMA GINAA",0
2024-05-26T13:22:39Z,@aqilanaja5694,yunji : &quot;eomma gwenchanayo?&quot; ğŸ¥¹â¤,0
2024-05-26T13:22:25Z,@SekarAyuningtyas725,Kalo diindo semacem indrogrosir bukan siğŸ˜‚,0
2024-05-26T13:21:08Z,@aghniyailmi,nanti bikin rujaknya ada kontennya ga nih? ğŸ˜,0
2024-05-26T13:21:07Z,@BATASBAWAH,"Kita mau buat â€œJurakâ€ keluarga online.. ngakak parah sumpah, slip tonguenya, lucuuuğŸ˜…ğŸ˜Š",0
2024-05-26T13:21:04Z,@cemongkamja434,â¤â¤â¤â¤â¤â¤â¤â¤,0
2024-05-26T13:20:58Z,@renkaasuka1140,Appa jay tipe yg klo icip harus beli ğŸ‘ğŸ»ğŸ‘ğŸ» kdang ada orang yg suka icipÂ² doang beli kagak ğŸ˜‚,0
2024-05-26T13:20:01Z,@apriyantilutfifauziah8287,Closing.nya diganti kah?,1
2024-05-26T13:19:08Z,@Oldwoman,"Neng Suji pegang hidung waktu sebut durian, nangka ğŸ˜‚ğŸ˜‚ğŸ˜‚",0
2024-05-26T13:18:24Z,@dewifagustin8402,â¤,0
2024-05-26T13:18:06Z,@naqismnii,YEEEEEEEEEEE,0
2024-05-26T13:16:35Z,@copi____,lucuuu bgt ekspresi apa jay pas mama gina bilang hey ğŸ˜­ğŸ˜­ğŸ˜­ğŸ˜­,2
2024-05-26T14:44:18Z,@copi____,"omoo otoke, dilike keluarga angkat kuğŸ˜µğŸ˜µğŸ˜µ",0
2024-05-27T00:19:10Z,@OnePiece-im2dd,Lgsg ada nickname Hey di atas kepalanyağŸ˜‚ğŸ˜‚ğŸ˜‚,0
2024-05-26T13:16:03Z,@niaa21_,HUUAAA KETINGGALAN SEJAMM,0
2024-05-26T13:15:36Z,@FitriaRahmawati-ux1ge,"Mama gina, kalo harga telor gajauh beda ya sm di indo, di indo klo beli diwarung perbiji jg udh 3rb satu bijinyağŸ˜‚",0
2024-05-26T13:15:30Z,@lovelysays8788,Seru kl liat kimbab family,0
2024-05-26T13:15:07Z,@qtiepie3290,sehat-sehat ya Kimbab Family. semoga rezekinya semakin lancar &amp; selalu dalam lindungan Allah S.W.T dimanapun berada. dulu ngikutin dari anak&quot; msh kecil sampe besar ky sekarang T.T,1
2024-05-26T13:12:41Z,@sunset.breeze,yay seneng kl vlog supermarket gini seruu!!,0
2024-05-26T13:14:58Z,@KimbabFamily,ğŸ¥³,0
2024-05-26T13:12:28Z,@myfamilykids9916,â¤â¤â¤ğŸ‰,0
2024-05-26T13:11:40Z,@boannirizky2824,selalu suka pake banget liat konten2 ny kimbab family .. <br>Jd subscribe ny dari gadis sampe udah jadi anak 1 loh .. <br>Tetap sehat dan selalu upload2 konten2 yang selalu menarik yaa kimbab family ..,0
2024-05-26T13:15:15Z,@KimbabFamily,ğŸ¤—,0
2024-05-26T13:09:49Z,@malkizestt,yeaayyy upload lagiiiiâ¤â¤â¤,0
2024-05-26T13:08:58Z,@yayayaboombayahiyaiyaiya,"Mama gina: beras bahasa indonesia nya apa?<br>Neng: beras<br>ğŸ˜‚ğŸ˜‚ğŸ˜‚, lucu bngt episode kali iniğŸ˜‚â¤",1
2024-05-26T13:15:23Z,@KimbabFamily,ğŸ˜„,1
2024-05-26T13:08:40Z,@ZaziraNuraini,Maginnnn kapan berkebun lagiiiiiiiii,0
2024-05-26T13:08:38Z,@Detektif_Brian,Mana rujaknya mama gina dan appa jay ???,0
2024-05-26T13:07:27Z,@avivasadilaisrail6368,"Hallo Kimbab family<br>Saya viewer baru dari awal tahun in,i saya maraton hampir setengah video yang sudah diupload, ternyata seru semuaaaa<br>Saya aviva dari Palu, Sulawesi Tengah. Salam kenal untuk semuanyaa<br>Sekarang lagi di semeter akhir hehe<br>Makasih semua videonya menghibur di kala kepala lagi pusing karena tugas akhir<br>Sehat-sehat sekeluarga yaaa â¤",1
2024-05-26T13:15:42Z,@KimbabFamily,Semangat â¤ï¸,3
2024-05-26T13:51:22Z,@avivasadilaisrail6368,@@KimbabFamily Terima kasihğŸ˜­,0
2024-05-26T13:06:07Z,@adelindriani3252,"Aku pertama kali nonton kimbab 2020 setiap lagi gak mood,sedih,kenapa ya kalo habis nonton vlog kalian kembali semangat,recharge energi banget,sampe di tonton beberapa kali,atau lagi pengen masak apa nonton lagi vlog nya ,plis terus temenin kesepianku di era banyak konten2 settingan d indonesia,kalian harus ttep kompak terus menghibur kami yaağŸ¤—ğŸ¤—",9
2024-05-27T03:55:23Z,@KevinTejakusuma208,Yuk kita boy cod BURNING SUN dan PEGI SETIAWAN,0
2024-05-26T13:05:18Z,@diazhnindity,"Bikin vlog seru seruan lagi bareng halmeoni harabeoji dong, kangen deh lama ngga liat semenjak sakit kala itu",0
2024-05-26T13:04:44Z,@meldanesta6951,Neng suji sudah remaja banget. Sehatsehat kimbab family hihi fighting â¤,0
2024-05-26T13:04:34Z,@RaniSH18,AsiiiiiikğŸ¤,0
2024-05-26T13:04:16Z,@danishamza,"Kalo di Indo Konsep Wholesale begini Lotte, dulunya Makro, biasanya belanja begini rame pas lebaran, buat parsel&quot; karena lebih murah. Atau kalo ada acara&quot;, kaya ulangtahun atau gathering juga sering kesana buat snack&quot;nya.<br>Kalo cari elektronik juga rame biasanya disini.",0
2024-05-26T13:03:14Z,@20.inninurkhalifah39,Masyaallah tabarakallah â¤,0
2024-05-26T13:01:38Z,@KimbabFamily,1000 won = 11.739 rupiah kurang lebih yaa Keluarga Online â¤,528
2024-05-26T13:08:21Z,@ditaandini236,Yeeeeayy belanja bulanan â¤<br>Makasih kimbab family udah ngajak belanja online lagi ğŸ˜ğŸ¥°,13
2024-05-26T21:50:40Z,@diangem2,Di indo dulu ada makro. Tp skrg udh tutup,1
2024-05-27T00:48:54Z,@Revan_adiba,"<a href=""https://www.youtube.com/watch?v=OejRGgzt3Y4&amp;t=69"">1:09</a>",3
2024-05-27T02:29:32Z,@Anggra-mk5qf,Costco ya itu mall nya?,2
2024-05-27T03:54:00Z,@KevinTejakusuma208,"Evening up akan kembali dengan informasi menarik lainnya, tetaplah bersama kami, lanjut pura-pura ngobrol",1
2024-05-26T13:01:23Z,@hagaaulia7074,Dapat notif langsung meluncur buat nonton,0
2024-05-26T13:00:49Z,@nonau4877,"<a href=""https://www.youtube.com/watch?v=OejRGgzt3Y4&amp;t=1217"">20:17</a> <br>Beras bahasa indonesianya apa ya? <br>Duh, tetiba aja lupa ğŸ˜…",0
2024-05-26T13:02:14Z,@KimbabFamily,ğŸ˜…,0
2024-05-26T13:00:44Z,@yayayaboombayahiyaiyaiya,"&quot;Minggos, minggus, hari minggus&quot;<br>Dek jioww lucu bngtğŸ˜‚ğŸ˜‚ğŸ˜‚",0
2024-05-26T13:02:23Z,@KimbabFamily,ğŸ˜,0
2024-05-26T13:00:42Z,@FitriaRahmawati-ux1ge,Nntn sambil makan indomie goreng pake telorğŸ˜‚ğŸ˜,0
2024-05-26T13:00:36Z,@user-bi8ve3rt8o,"Masya Allah  keluarga  samawa,semoga  selalu dalam lindungan Allah.",0
2024-05-26T13:00:35Z,@sitinurhikmah5670,Jadi kangen saat kerja di line danisaâ¤,0
2024-05-26T12:59:38Z,@elisyulistian626,"Yang di kangenin kimbap family,,,â¤â¤nunggu hari Minggu berasa lama bangettt...",0
2024-05-26T12:59:36Z,@chocokrungie5103,kaya transmart ya,1
2024-05-26T12:58:41Z,@nadiarizki667,"Ya Allah MasyaAllah Kimbab Family selalu bikin gemes banget dan kehangatan keluarganya selalu sampai ke penonton. Sehat-sehat terus Appa Jay, Mamah Gina, Suji, Yunji dan JioğŸ’•",10
2024-05-27T03:55:26Z,@KevinTejakusuma208,Yuk kita boy cod BURNING SUN dan PEGI SETIAWAN,0
2024-05-26T12:57:22Z,@ciptadisukarmi4082,Suaminya kerja apa ya kalau boleh tau krn baru ngikutin nih,0
2024-05-26T12:57:15Z,@mwollae,MANA CLOSINGAN LUCU ITUUU,0
2024-05-26T12:57:13Z,@ailiyachoirinisa3945,selalu happy nontonnyaâ¤ï¸â€ğŸ”¥ğŸ¥°,0
2024-05-26T12:56:51Z,@apriani2815,Yunji sweet sekali &quot;mama tdk apa2?&quot; â¤,75
2024-05-27T03:55:01Z,@KevinTejakusuma208,Yuk kita boy cod BURNING SUN dan PEGI SETIAWAN,0
2024-05-26T12:56:40Z,@Suaraceritaa_,Gambaran keluarga bahagia ku kedepannya ğŸ‰ğŸ˜‚ masyaallah,0
2024-05-26T12:56:34Z,@Ainunii,ì¬ë°Œì–´ìš©~~,1
2024-05-26T12:56:19Z,@moonsera1191,Yang ditunggu akhirnya upload video baru lagiiiâ¤ kimbab familyyyyğŸ¥°,0
2024-05-26T12:56:07Z,@chweio9258,supermarketnya kalo di indo mungkin mirip carefour gt yaa.. semua ada,0
2024-05-26T12:56:07Z,@rahmahanumm,sering sering nge vlog belanja â¤â¤,0
2024-05-26T12:55:38Z,@rejanaputri4568,Teteh makin cakep ğŸ˜Š,0
2024-05-26T12:55:18Z,@desparkyu,"Kegiatan yang paling menyenangkan memang strolling around wholesale, belanja.. sekalian cuci mataaa ğŸ¤©ğŸ¤©ğŸ¤©",1
2024-05-26T12:55:03Z,@aisyah_April19,"Tim yg hampir gk pernah comen,tapi selalu nontonğŸ˜Š<br>Teh sedikit saran, kalo pas belanja online nominal nya di cantimin, biar keluarga online tau perbandingan harga indo koreağŸ˜Š<br>Sukses selalu untuk teh gina sekeluarga ğŸ¤—â™¥ï¸",56
2024-05-27T03:54:39Z,@KevinTejakusuma208,Yuk kita boy cod BURNING SUN dan PEGI SETIAWAN,0
2024-05-26T12:54:51Z,@Serena_Vlancey,Baru 53menit dah rame sehat selalu kimbab family ya jaga ke sehatann ğŸ¤­,0
2024-05-26T12:54:40Z,@wonwoo-ya,lucuuuu bgt supermarket date kinda belanja bulanan date ğŸ˜­ğŸ˜‚â¤,0
2024-05-26T12:53:30Z,@jinnieseokjinnie3099,"Nonton kimbab family mah ada seneng ada sedihnya. Seneng karena bisa nonton lagi, sedih karena jadi inget besok hari Senin ğŸ« ğŸ« ğŸ¤£ğŸ¤£",0
2024-05-26T12:52:47Z,@berliannurul5108,"Teh Gina, sebagai org Muslim disana, gmn kita ngebedain makanan halal atau ga nya?",0
2024-05-26T12:51:50Z,@mohamadgentaerastiano8746,Kak tumben wajah stranger nya teu di blur,0
2024-05-26T12:51:06Z,@alfinaramadhanti2222,Ditunggu video bikin rujak buahnya ğŸ¤¤,0
2024-05-26T12:51:02Z,@agustinejourney9665,Telur asin panggang dari brebes ada appa jay..ga perlu cocol garem lagi,0
2024-05-26T12:49:52Z,@jesikasiska7317,"Seneng banget dpt notif kimbab family upload video baru, seneng lihat video2 yg belanja seperti ini Teh Gina, ya video apa aja saya suka yg di upload kimbab family..... Tahun ini apa ada video berkebun lg Appa Jay.... Halmoni dan Haraboji apa kabar, sekali2 bikin video camping bareng Halmoni dan Haraboji ya..... Sehat selalu untuk kimbab family, peluk sayang dari kami sekeluarga di Madiun.... Kalo pulang ke indonesia lagi main2 ke kota Madiun ya, walau kecil tapi banyak tempat wisata yg bagus.... Terimakasih â¤â¤â¤",8
2024-05-27T03:55:25Z,@KevinTejakusuma208,Yuk kita boy cod BURNING SUN dan PEGI SETIAWAN,0
2024-05-26T12:49:50Z,@lifiarisna1184,"Kimbab family apa ngga bisa upload videonya 2x seminggu??<br>Lama bgt nunggu video baru tiap minggu, udah kangennn bgtğŸ˜¢",1
2024-05-26T12:49:26Z,@gitofficial4105,Endog asin aya henteu teh di korea?,2
2024-05-26T12:49:11Z,@putrifadiyah9457,Selalu buat happy tiap ada video baru dari kimbap family ğŸ¥° manifesting keluarga bahagia seperti kimbap family â¤,0
2024-05-26T12:48:46Z,@fatikahnurhidayaatun7941,"Terimakasih jugaa kimbap family, semoga bisa membangun keluarga hangat seperti itu jugaaâ¤",1
2024-05-26T12:48:38Z,@Nabilaazzhr14,Semoga kimbab family bisa upload video seminggu 2x lagii ğŸ¥°ğŸ¥°,2
2024-05-26T12:48:31Z,@syahranihf,aaaaaaaa happy banget kalo kimbab family upload video baru,0
2024-05-26T12:48:29Z,@ovaarofah8864,Udah rumah tangga mh dating nya jg ke supermarket ya mama gina ğŸ˜…,0
2024-05-26T12:47:16Z,@adhelineutaminingsih,Kangen bgt konten belanja gini ğŸ¥°,0
2024-05-26T12:47:11Z,@wulansari3818,"Happy banget kalau diajak belanja online sm mamah ginağŸ˜… serasa ikut belanja bulanan,bisa tau harga2 dikorea juga.",0
2024-05-26T12:48:39Z,@KimbabFamily,ğŸ«¶,0
2024-05-26T12:46:27Z,@Momento0407,"Teh Gina, telur panggang itu juga ada buatan Indonesia di produksi Garut di jual di K-mart Jakarta, kalau ke Jakarta wajib coba, hehhe...",0
2024-05-26T12:46:22Z,@rambutketiak,"Supermarket gede wholesale gitu ada di Indo. Dulu namanya makro, sekarang jadi Lotte. Cuma kayaknya kurang laku karena harga bersaing dengan harga pasar tradisional. <br><br>Untuk pepaya, setau aku pepaya yg Indo itu memang hasil rekayasa genetika. Yg namanya California ituu kalo gasalah, dia manis dan ukurannya standar. Btw di daerahku ada pempek pistel lohh mama gina. Pempek pasti udah tau kan ya, pistel itu tumisan pepaya muda pake ebi. Salah satu jenis pempek favoritku tp susah dicari kalo bukan di Palembang.",0
2024-05-26T12:46:17Z,@rizkanovia6806,MasyaAllah sekali dah aah ini video â¤â¤ adek2 onlineku jadi lebih kiyoott sama lucu2 .. sehat dan bahagia terus yaa kaliaan... Jangan bosen2 bikin video ğŸ˜‚â¤â¤,1
2024-05-26T12:47:21Z,@KimbabFamily,â¤ï¸,0
2024-05-26T12:45:38Z,@qurratuaini4544,Mama gina &amp; appa jay..buat kebun lagi..plssss,0
2024-05-26T12:44:22Z,@whirligigyej,kalo coba bikin vlog cobain Sauna di Korea bole ga yaa ğŸ˜‚,0
2024-05-26T12:44:12Z,@rifaniamanda8684,Hahaha ramai sekaliii. Sehat sehat selalu kimbab familyğŸ¥°,0
2024-05-26T12:44:07Z,@yourandy1,"<a href=""https://www.youtube.com/watch?v=OejRGgzt3Y4&amp;t=1544"">25:44</a> Lucu bgt appa gelitikin neng suji hahaha",0
2024-05-26T12:43:16Z,@dinaulia__,Wahhh closingnya sekarang digantiğŸ˜ Semoga Indonesia makin sering ekspor buah dan sayur yang beragam jenis di Korea Selatan aamiinğŸ˜‚â¤,210
2024-05-27T03:54:39Z,@KevinTejakusuma208,Yuk kita boy cod BURNING SUN dan PEGI SETIAWAN,0
2024-05-26T12:42:51Z,@anisafianti1125,Mama kayaknya aku pernah lihat di reels yak.. telor itu gaboleh ditaruh di kulkas.. tapi mgk beda ya mam.. kayak telor US itu bahkan ketika di supermarketnya udah di kuklas karena ada bakterinya klo ga dikulkas bakterinya hidup,0
2024-05-26T12:42:22Z,@christ.estela,Yang ku nanti di setiap weekend..Sehat selalu kimbab family ğŸ«¶ğŸ«¶,0
2024-05-26T12:48:04Z,@KimbabFamily,ğŸ«¶,0
2024-05-26T12:42:15Z,@diniatimmr,Di tunggu video selanjutnya...ğŸ¤—ğŸ¤—ğŸ˜…,0
2024-05-26T12:41:47Z,@dewipsukmana5728,Akhirnya tayangâ¤,0
2024-05-26T12:41:01Z,@khadijahsh447,UWAHHHH closingan baruuuu ğŸ¥¹â¤ï¸ğŸ’˜â˜ºï¸,0
2024-05-26T12:40:33Z,@christ.estela,Penonton setia kimbab family.. Benar-benar menginspirasiku yang mau menikah jg nanti hehehe... Sehat-sehat kimbab family... LuuvvvğŸ«¶,0
2024-05-26T12:48:16Z,@KimbabFamily,ğŸ«¶,0
2024-05-26T12:40:31Z,@oktaviapadrila2642,Akhirnya yg ditunggu2 video kimbab familyy â¤ï¸â¤ï¸,0
2024-05-26T12:39:29Z,@senyumceria17,"Teh gina kayanya udah pengen banget ke Indonesia,tinggal bentar lagi ya teh",0
2024-05-26T12:39:24Z,@Keluargasahrul1987,Mama gina appa jay bikin vlog di sauna dong bareng anak2 ... â¤â¤â¤,1
2024-05-26T12:38:50Z,@bdtz_,"&quot;Beras de, coba bahasa indonesianya apa?&quot;<br>ã…‹ã…‹ã…‹ã…‹ teh gina lucu banget",0
2024-05-26T12:39:16Z,@KimbabFamily,ğŸ˜…,0
2024-05-26T12:38:46Z,@ParkJimin-vp5th,"Di purwakarta tempat mertua manggis nama nya manggu ğŸ˜…,sampe aku aka bingung pas ditanya buah itu",0
2024-05-26T12:38:26Z,@afrokhulqonita,Semoga Indonesia bisa cepet2 ekspor hasil bumi ya. Di Indonesia kebanyakan dibuang karena pas panen kebanyakan jadi harga jatoh dan ga ada pengolahan penyimpanan. Jadi pada rusak dan busuk,5
2024-05-26T14:30:05Z,@intanniarhma,Mungkin maksudnya export kali ya kak. Kalo import itu berarti kita beli dr luar negeri,0
2024-05-26T12:38:00Z,@deammmm9111,Beneran deh pengen nyoba telur pindang ala KoreağŸ¤¤,0
2024-05-26T12:37:32Z,@anisafianti1125,Aku terinspirasi pengen style rambut aku kayak mama gina ğŸ–¤,0
2024-05-26T12:37:19Z,@darasafira8554,PLIS PLIS LAGI YAAA MAMA GINAAA AYO APAJAY JANGAN MALAS EDIT YAAAAAA,0
2024-05-26T12:37:08Z,@sitinursarah6081,Sehat&quot; Yaa kimbap family â¤â¤ buat kita semua juga yang nonton sehat&quot; ğŸ˜ŠğŸ˜Š<br>Akhirnya yang di tunggu&quot; Up juga ğŸ‰ğŸ‰,6
2024-05-27T03:55:18Z,@KevinTejakusuma208,Yuk kita boy cod BURNING SUN dan PEGI SETIAWAN,0
2024-05-26T12:36:46Z,@raisyamaulida1761,Akhirnya yang ditunggu tungguğŸ˜sambil nemenin makan malemm,0
2024-05-26T12:36:44Z,@yayatsupriatna5389,"Asyik akhirnya yg d tunggi&quot; video salh satu favorit aq kimbab family... Seru liat suji, yunji n jio lgi,, mamah gina bikin game lagi ttng seharian ngomong pake bhsa indonesia lgi buat anak&quot; biar lancar n g lupa bhsa indonesia..",27
2024-05-27T03:54:41Z,@KevinTejakusuma208,Yuk kita boy cod BURNING SUN dan PEGI SETIAWAN,0
2024-05-26T12:36:42Z,@gpad0136,Hampir ngga ada ya aktifitas appa jay di video kimbab ğŸ¤”,0
2024-05-26T12:35:48Z,@nuellubisTV,"Ya Allah, akang dipanggilnya, kaget pisan euy. <br><br>ğŸ˜…ğŸ˜‚<br><br>Lucu pisan ini teh pasutri.",1
2024-05-26T12:35:08Z,@KallistaAnaya,Gercep,0
2024-05-26T12:34:53Z,@hnhanhan_,"Mama ginaa, jio mirip renjun nctğŸ˜‚",0
2024-05-26T12:34:49Z,@Mantan_Jihoon,Konten berkebunnya lagi kapan nih mama gina?,1
2024-05-27T00:18:43Z,@OnePiece-im2dd,Pada cape mungkin anak&quot; nya abis pulang sekolah,0
2024-05-26T12:34:27Z,@hnhanhan_,Keluarga yang selalu jadi inspirasikuâ¤,0
2024-05-26T12:33:54Z,@AnnoraSe,sukaaakğŸ¤©pengetahuanku jadi ++++ asiikkkğŸ«¶ğŸ»,1
2024-05-26T12:33:50Z,@user-pg9bf1sd9y,Yeay sudah upload seneng bngt buat tugas sambil nonton Kimbab family â¤,0
2024-05-26T12:33:37Z,@cristinaeca4069,"Wiiih ada yang beda nih closing nyaa, seruuu bangeettt â˜ºï¸ğŸ¥° semoga bisa seminggu dua kali lagi ğŸ¤­ğŸ¤­",0
2024-05-26T12:33:25Z,@l1234-9,Sauna vs Saona ğŸ˜‚ğŸ˜‚ğŸ˜‚ lucu banget sih kalian,0
2024-05-26T12:38:42Z,@KimbabFamily,ğŸ˜„,0
2024-05-26T12:32:45Z,@ganiaisasetiadeapratiwi7869,Kimbab family apakah ikutan program tv transtv acara WOW kah?,0
2024-05-26T12:32:13Z,@dwi_ann,"Bnyk yg tanda tanya ya, knapa ssh sekali produk indonesia msk ke supermarket lokal korea. Heran dweehhh",0
2024-05-26T12:31:55Z,@wiwiriyanti6313,Nanti kalo kangen makanan Indonesia lg cobain bikin CILOK KRIWIL ya mama Gina â¤ï¸â¤ï¸â¤ï¸â¤ï¸â¤ï¸,0
2024-05-26T12:31:45Z,@tiakim9036,Ditunggu vlog ngerujak nya,0
2024-05-26T12:31:33Z,@angestityas,menutup long weekend with kimbab family! ğŸ’—,0
2024-05-26T12:30:51Z,@Sunting68,Wih lama nih durasinya. Mama Gina.. Apa Jay bikin video belanja rutin dong. Kebutuhan bulanan gitu.,0
2024-05-26T12:30:40Z,@carlzzx,Dan baru ngeh kalo Lebaran April lalu (Lebaran tahun ini) gak beli  kue Danish ğŸ˜‚ğŸ˜‚ğŸ˜‚. Biasanya teh Gina setiap Lebaran beli ğŸ˜‚ğŸ˜‚ğŸ˜‚,0
2024-05-26T12:31:24Z,@KimbabFamily,ğŸ˜„,0
2024-05-26T12:30:28Z,@rekasitikamilah575,Yeay â¤â¤,0
2024-05-26T12:30:28Z,@agustl30,Manggissss. Kelihatan enak bangett. Sering deh nungguin Kimbab Family di Youtube. Akhirnya ada video baru. Keep it upâ¤ Kimbab Family HwaitingğŸ‰â¤ ì‚¬ë‘í•©ë‹ˆë‹¹~,0
2024-05-26T12:31:36Z,@KimbabFamily,ğŸ«¶,0
2024-05-26T12:30:14Z,@lmaryanii,Teh gina ama appa jay kayak pengantin baru yaa ğŸ’œ,0
2024-05-26T12:30:05Z,@nikmatuzzuhriniazizah9366,"Ngakak banget pas, ada tulisan &quot;HEY&quot; di kepala Appa JayğŸ˜‚",0
2024-05-26T12:29:45Z,@Tsa_Cha,Yeaayyy up vidio baruuu,0
2024-05-26T12:29:23Z,@noramusa4050,lembut je suara mama Gina bercakap.. tenang sahaja dengar,13
2024-05-27T03:55:04Z,@KevinTejakusuma208,Yuk kita boy cod BURNING SUN dan PEGI SETIAWAN,0
2024-05-26T12:28:52Z,@widiantyfadilah1724,"Hangat sekali keluarga ini, sehat selalu teh gina dan keluargaâ¤ï¸",0
2024-05-26T12:29:14Z,@KimbabFamily,Terima kasih â¤ï¸,0
2024-05-26T12:28:40Z,@intannurhaliza6899,"Asik baget liatnya, pada senang kayanya kalau mamanya udh belanja yağŸ˜‚",0
2024-05-26T12:27:56Z,@rizkiwijaya3089,Kapan2 bikin episode pementasan drama dari karakter yg diciptain sama anak-anak. Pasti seru ceritanya ğŸ˜‚,0
2024-05-26T12:28:21Z,@KimbabFamily,ğŸ˜„,0
2024-05-26T12:27:54Z,@bungamakrifat3013,liat kelapa nya jdi  ingat kak caca dan kak fathan yg kesusahan buka kelapa,0
2024-05-26T12:27:21Z,@jasmineseica,Setelah nonton shanty di China langsung meluncur ke siniğŸ˜Š,0
2024-05-26T12:26:23Z,@destyputriangreani3153,Cobain buah indonesia sama halmoniiii mama ginaaa,0
2024-05-26T12:25:51Z,@yom138,"<a href=""https://www.youtube.com/watch?v=OejRGgzt3Y4&amp;t=773"">12:53</a> Yunji niruin gemezz ğŸ˜…ğŸ¤£ğŸ¤£",1
2024-05-26T12:25:01Z,@kartikafiles,Mama nanti kalau ke indonesia lagi ajak appa jay dan miniyeon hunting buah-buahan di pasar sambil ngenalin ke mereka,1
2024-05-26T12:23:56Z,@hadipurwoto7848,Groseri shoping..<br>Horee,1
2024-05-26T12:23:54Z,@marswomen23,Benarkah ekspresi appa jay begitu ketkka dipanggil &quot;hey&quot;ğŸ˜‚,0
2024-05-26T12:22:23Z,@koesrikoesri5347,Hai the harmony family. Big hugsâ¤,0
2024-05-26T12:22:10Z,@udelmu4798,"<a href=""https://www.youtube.com/watch?v=OejRGgzt3Y4&amp;t=911"">15:11</a> kok langsung bisağŸ˜®banya video yang gabisa langsung dibuka gituğŸ˜…",0
2024-05-26T12:22:07Z,@yom138,Papa Jay beliin sambil cobain Mama Gina pakaian2 mewah kyk di drakor2 gitu dong heheh ğŸ˜…,13
2024-05-27T03:55:15Z,@KevinTejakusuma208,Yuk kita boy cod BURNING SUN dan PEGI SETIAWAN,0
2024-05-26T12:21:53Z,@dinanursilah,â¤â¤â¤â¤,0
2024-05-26T12:21:05Z,@hjava,Korea jarang impor buah2 dari Indo karena Jarak pengiriman terlalu jauh jadi bisa busuk dijalan blom lagi ditambah waktu pengurusan cukai nya dan biaya nya jadi lebih mahal di banding impor dari thai/filipina/vietnam ğŸ¤£,18
2024-05-27T03:55:15Z,@KevinTejakusuma208,Yuk kita boy cod BURNING SUN dan PEGI SETIAWAN,1
2024-05-26T12:20:21Z,@jihan6938,"<a href=""https://www.youtube.com/watch?v=OejRGgzt3Y4&amp;t=339"">5:39</a> mama gina lucu bgt &quot;yeobo miring&quot; pake sound effect jugaağŸ˜‚ğŸ˜‚ğŸ˜‚â¤ï¸â¤ï¸â¤ï¸<br><a href=""https://www.youtube.com/watch?v=OejRGgzt3Y4&amp;t=1154"">19:14</a> yunji sweet bangetğŸ«¶ğŸ¼ğŸ«¶ğŸ¼ğŸ¥¹ğŸ¥¹ğŸ¥¹",216
2024-05-26T14:28:00Z,@YunitamustikaNita,Itu bukan sound effect. Itu suara mama gina sendiri. Coba di liat lagi. Klo sound effect gk gitu suaranya. Pasti lebih jelas,2
2024-05-26T14:48:25Z,@jihan6938,"â€‹@@YunitamustikaNita haha iya kak saya juga tau kok. Maksud saya mama gina yang buat sound effect nya pake mulut dia sendiri gitu, kan gak harus saya jelasin juga kalau sound effectnya dari mulut mama ginağŸ˜",11
2024-05-27T03:55:30Z,@KevinTejakusuma208,Yuk kita boy cod BURNING SUN dan PEGI SETIAWAN,0
2024-06-05T19:43:19Z,@exp-io853,g sadar yang miring..inilah komentar buat ini wkwkw..hal2 kecil yang g aku sadari..lucu bngt plss,2
2024-05-26T12:19:18Z,@brilinkmademade,Nontonnya dihp kerja. Karena hp lagi dicharge. Gak pernah skip komen like pokoknyaâ¤,0
2024-05-26T12:20:53Z,@KimbabFamily,Terima kasih â¤ï¸,0
2024-05-26T12:19:01Z,@susipainem5362,Kalau di indonesia nmax kulakan teh gina tepatx di daerah tempat aku tinggal grosiran gt dehh...,1
2024-05-26T12:25:29Z,@susipainem5362,Masyaallah senangx dpt blsan love dr kimbab family.. Semangat sukses teh gina sekeluarga yaa...,0
2024-05-26T12:18:50Z,@rosianakusmuliya,ğŸ¥°â¤,0
2024-05-26T12:50:40Z,@rosianakusmuliya,cuakepp amayy jio yaaa~,0
2024-05-26T12:51:04Z,@rosianakusmuliya,suji yunji jugaaa~,0
2024-05-26T12:18:44Z,@rizkyrahayuaisyah6878,Banyak anak banyak rezeki ya Mama Gina â¤â¤â¤,0
2024-05-26T12:18:32Z,@ilmaanfaussolekhah,Semoga selalu bahagia dan sehatğŸ¤—,1
2024-05-26T12:18:12Z,@mayawati939,wah seneng hari ini kita di ajak kimbab family borong belanjaan di supermarket,0
2024-05-26T12:18:10Z,@aemeraldaa,"appa jay sama mama gina soswittt bangett xixi ğŸ˜‚ kayak masih pacaran padahal anaknya udah mau smp ğŸ¤«ğŸ¤« i love yuuu Kimbab family, sehat teruss yaa. sarange suji, yunji, ji-ow ğŸ€ğŸ€",16
2024-05-26T12:22:30Z,@KimbabFamily,ğŸ«¶,1
2024-05-27T03:55:08Z,@KevinTejakusuma208,Yuk kita boy cod BURNING SUN dan PEGI SETIAWAN,0
2024-05-26T12:17:57Z,@SHI-16,Coba daun nanasnya tanam. Tumbuh gk?,0
2024-05-26T12:17:33Z,@septisepti7805,13 menit yg lalu,0
2024-05-26T12:17:01Z,@yom138,"<a href=""https://www.youtube.com/watch?v=OejRGgzt3Y4&amp;t=333"">5:33</a> aku perasaan pernah denger pas kalo produk mentah itu dilarang di impor bener ga ya?<br><br>Telur asin itu ada ga ya di korea/LN apa cmn ada di Indonesia saja ya?<br><br>Mama Gina bikin konten masak 3 jenis makanan Indonesia, Korea, Western dong trs anak2 lebih suka yg mana?",0
2024-05-26T12:16:58Z,@theofaniademariyesa3647,Wahhh kameranya baru ya??ko kaya Terang dan Bagus,0
2024-05-26T12:16:26Z,@dilarosdianaofficial1589,Wahh udah kangen bgt dgn kimbab family â¤â¤â¤,1
2024-05-26T12:13:36Z,@herliani323,"Yeay akhirnya ada video baru pas bgt lagi makan jadi temen makan hehe, fighting kimbab family â¤â¤",0
2024-05-26T12:13:09Z,@Temanalesha512,Seru kalo liat mama gina belanja tuh ğŸ¤—,0
2024-05-26T12:23:14Z,@KimbabFamily,ğŸ¤—,0
2024-05-26T12:12:55Z,@lulunabila5443,Vlog yg aku tunggu2 tiap weeknyağŸ˜,0
2024-05-26T12:12:43Z,@fahmiadelard7275,YeayyyyyğŸ‰,0
2024-05-26T12:12:41Z,@oktavia6661,ğŸ’™ğŸ’™ğŸ’™ğŸ’™ğŸ’™ğŸ’™ğŸ’™,0
2024-05-26T12:11:16Z,@rofikmaulanamansur5087,"Selamat malam, semoga tidur nyenyak,dan bermimpi indah",0
2024-05-26T12:11:15Z,@rahmatajisaputra6245,Alhamdullah,0
2024-05-26T12:10:48Z,@user-mk7ft8ed7i,Fighting kimbab famly selalu mengibur kita semuaâ™¥ï¸,0
2024-05-26T12:10:47Z,@sbrnalifa,â¤â¤,0
2024-05-26T12:10:45Z,@darasafira8554,MAMAAA GINA CANTIK BANGET,0
2024-05-26T12:10:41Z,@winwin5544,SEHAT SEHAT KALIAN BER5,0
2024-05-26T12:10:34Z,@hasilkebunpetanilokal,teh gina kalau mau export buah ke korea gimana ya caranya ?,0
2024-05-26T12:10:30Z,@newrealmukbang,Yeahh dapat notif dri Kimbab FamilyğŸ˜Š,0
2024-05-26T12:10:21Z,@lenihandayani1405,"Yeay, fighting kimbab family â¤",0
2024-05-26T12:09:54Z,@HairaMaulidya,yeay akhirnya up juga yuhuuu otw langsung nonton ğŸ’ƒğŸ»,2
2024-05-26T12:09:37Z,@ciaaraaa819,Absen no 999ğŸ¤£ <br>Lg makan ada notif lngsung nontonğŸ’‹ğŸ’‹,2
2024-05-26T12:09:29Z,@st.maysyaroh3444,"Selain masak masak, video belanja mama gina also video yg ku tunggu tunggu ğŸ˜",0
2024-05-26T12:23:41Z,@KimbabFamily,ğŸ˜,0
2024-05-26T12:09:05Z,@jkt48.adel_fans,Mama gina cobaa dehh kalau ke Indonesia kuliner jajanan sd bareng anakÂ² dan appa jay ğŸ˜‹ğŸŒ·,2
2024-05-26T12:08:59Z,@deboratresnawati2907,sering2 yaa video ke Costco nya.. ku nungguin,0
2024-05-26T12:08:53Z,@phia_leo,Yeay d ajak blanja2 ke tmpat baru... Seru... Tp lbh seru lg kl ada anak2...,14
2024-05-27T03:55:02Z,@KevinTejakusuma208,Yuk kita boy cod BURNING SUN dan PEGI SETIAWAN,0
2024-05-26T12:08:22Z,@raninuraeni838,ğŸ¥°ğŸ¥°ğŸ¥°ğŸ¥°,0
2024-05-26T12:08:17Z,@user-wd5uj1fe3f,ğŸ¥°ğŸ¥°ğŸ¥° love kimbab family,0
2024-05-26T12:08:11Z,@astrid211,Yeayyy so happy penutup long weekend ini ditemani vlog dari Kimbab Family!! ì‚¬ë‘í•´ğŸ¥°ğŸ’–,0
2024-05-26T12:07:53Z,@Adindadnr,Favv bgt kalau vlog belanjaaaağŸ˜ŠğŸ˜Š,0
2024-05-26T12:24:30Z,@KimbabFamily,â¤ï¸,0
2024-05-26T12:07:47Z,@riawatimarfuah2128,"Waaa Alhamdulilah ada video baru, pas banget lagi makan. Selamat menonton â¤",143
2024-05-26T12:37:58Z,@anisafianti1125,Aku juga klo makan mesti nonton kimbab family,3
2024-05-26T12:47:06Z,@dzihnihanifatulloh783,"Apalagi kalo pas konten mma gina masak, wajiiin bgt sambil makan krn ngileeer masakannya mma gina",1
2024-05-26T12:53:03Z,@riawatimarfuah2128,"@@anisafianti1125 iyaa kan, pokok harus deh sambil nonton",0
2024-05-26T12:53:32Z,@riawatimarfuah2128,"@@dzihnihanifatulloh783 bener banget, kadang kalau udah kehabisan stok, selalu ngulangin nonton yang botrom hehe",0
2024-05-27T03:54:26Z,@KevinTejakusuma208,Yuk kita boy cod BURNING SUN dan PEGI SETIAWAN,0
2024-05-26T12:07:47Z,@frdhaa,de jiowww mori nya lucyuuu banget!!! suji udah mau remaja makin syantikkkğŸ¥°ğŸ˜ btw mama gina kalo mau bikin rujak kurang bengkoang wkwkwk. kaloo di korea ada gak ya yang mirip2 bengkoang??,55
2024-05-26T17:12:40Z,@uswatunhasanah2336,"Lobak kak mirip bengkoang, mama Gina juga udah sampein di video ğŸ˜Š",6
2024-05-27T03:54:42Z,@KevinTejakusuma208,Yuk kita boy cod BURNING SUN dan PEGI SETIAWAN,0
2024-05-26T12:07:42Z,@kaisa359,yeayy-!,0
2024-05-26T12:07:40Z,@erindwi9999,"Baru pembukanya saja sudah happy liat Appa Jay dan Mama Gina yang makin hari makin keliatan sehat dan bahagia. Begitu juga sama Neng Suji, Dede Yunji dan Dede Jiow. Jadi inget dulu belanja buah di pasar, waktu 3 Mini Yeon masih kecil-kecil banget.. time flies so fast.. semoga happy selalu yaa Kimbab Family, sehat selalu. Fighting!ğŸ¤",495
2024-05-26T12:24:59Z,@KimbabFamily,Fighting â¤ï¸,42
2024-05-27T00:00:50Z,@lelelemifasolasido5631,"Yang nonton berasa cepet banget emang, jio dari kecillll belum bisa ngomong sampe sekarang udah mau masuk SD, neng Suji juga udah remaja ğŸ˜­",15
2024-05-27T03:54:27Z,@KevinTejakusuma208,Yuk kita boy cod BURNING SUN dan PEGI SETIAWAN,0
2024-05-30T05:24:08Z,@nuningwidj-gd8du,"Mama Gina coba anakÂ² diajarin cara menebak isi pieces buah manggis, yaitu dari jumlah kelopak hitam di kulitnya",0
2024-05-26T12:07:34Z,@SariRahayu-rr4cg,Yang ditunggu-tunggu kalau hari mingguâ¤,0
2024-05-26T12:07:27Z,@aprilliasalsa,kayaknya baru di vlog ini deh pake mic yaa,0
2024-05-26T12:07:26Z,@fitriagustina07,"5 menit yg lalu....<br>Mama Gina dan appa jay beraksi <br><a href=""https://www.youtube.com/watch?v=OejRGgzt3Y4&amp;t=1464"">24:24</a> ...kode,proyek selanjutnya adalah ke <b>sauna</b> bawa si telur panggang hehehe<br>Baarakallahu fiikum",2
2024-05-26T12:07:24Z,@aasstnrasiah03_,akhirnya yg d tunggu2ğŸ¥°,0
2024-05-26T12:07:24Z,@apriyantidwilestari9351,"Gak mau ketinggalan tontonan seru yang selalu buat semangat di akhir pekan,semangat selalu buat kimbab familyâ¤â¤",0
2024-05-26T12:25:18Z,@KimbabFamily,â¤ï¸,0
2024-05-26T12:07:20Z,@lsjisq,Tim yg nonton kimbab family sambil makan malam :),1
2024-05-26T12:07:13Z,@OOliiaa,Akhirnyaaaaâ¤â¤â¤â¤,0
2024-05-26T12:07:11Z,@vavaroekhanashufa654,Tim gercep niiihğŸ¤—,0
2024-05-26T12:06:58Z,@vioptanurulhaq703,yuhuuu akhirnya uploadğŸ‰,0
2024-05-26T12:06:18Z,@hzr6081,Kimbab Family &quot;Fighting!!&quot;ğŸ”¥ğŸ”¥ğŸ”¥ğŸ”¥ğŸ”¥ğŸ”¥ğŸ”¥ğŸ”¥ğŸ”¥ğŸ”¥ğŸ”¥ğŸ”¥ğŸ”¥ğŸ”¥â¤â¤â¤â¤â¤ğŸ”¥ğŸ”¥ğŸ”¥ğŸ”¥ğŸ”¥ğŸ”¥ğŸ”¥ğŸ”¥ğŸ”¥ğŸ”¥ğŸ”¥ğŸ”¥ğŸ”¥ğŸ”¥ğŸ”¥,2
2024-05-26T12:06:16Z,@Yenni-zv1ym,Saatnya nontonâ¤â¤â¤,0
2024-05-26T12:06:07Z,@ghietsaqlhazzh,Supermarket date appa jay &amp; mama ginağŸ˜­ğŸ¤ğŸ»,0
2024-05-26T12:06:05Z,@QuinNovena,wahhh gercep ni,0
2024-05-26T12:06:03Z,@andisifa9514,malam senin ku ditemenin kimbab family ğŸ¤,0
2024-05-26T12:05:48Z,@Chyntiiaa,â¤â¤,0
2024-05-26T12:05:29Z,@aprilliasalsa,duuuh kabita sama manggisnyaa ğŸ¤¤,0
2024-05-26T12:05:28Z,@iniidk,"YAYYYY GERCEP NIH, SEHAT SELALU KIMBAB FAMâ¤â¤",0
2024-05-26T12:05:19Z,@Ekaputriyanti085,Hai,2
2024-05-26T12:05:14Z,@mus_riah8532,Mama gina.. Ajaklah aq ke KoreağŸ˜‚ğŸ˜‚,0
2024-05-26T12:05:11Z,@williamandrew6215,Ashiappp Sehat Selalu Kimbab Familly â¤â¤â¤â¤â¤ Selalu Keren Kimbab Familly ğŸ©·ğŸ©·ğŸ©·ğŸ©·ğŸ©· Amazing Selalu ğŸ’ğŸ’ğŸ’ğŸ’ğŸ’ Love Kimbab Familly ğŸ¤—ğŸ¤—ğŸ¤—ğŸ¤— Semangat ğŸ’ŸğŸ’ŸğŸ’ŸğŸ’ŸğŸ’Ÿ,0
2024-05-26T12:05:06Z,@sonyakimiko,AAKKK SUJI YUNJI JIOW CUTESSSTT,6
2024-05-27T03:55:17Z,@KevinTejakusuma208,Yuk kita boy cod BURNING SUN dan PEGI SETIAWAN,0
2024-05-26T12:05:05Z,@haibah_6,teeeh minimal setiap vlog durasinya 30 mntğŸ˜­ğŸ™,0
2024-05-26T12:05:03Z,@Ekaputriyanti085,Hai,1
2024-05-26T12:05:00Z,@winwin5544,gercepo,0
2024-05-26T12:04:53Z,@AnisahRatih,"Yeay abis nyiapin makan malem, pas selesei jadi, ada notif dari kimbab family, cus liat sambil makanğŸ˜",0
2024-05-26T12:04:47Z,@sucirmarih8253,Blm 5 menit udah ngaburudul,0
2024-05-26T12:04:45Z,@sofieofi8095,Wah akhirnya up,0
2024-05-26T12:04:43Z,@herlinambtogamargorosa2058,"Segerrrr... â™¡Â´ï½¥á´—ï½¥`â™¡<br>Kimbab Family, fighting... ãƒ¾(ï¼¾-ï¼¾)ãƒ",0
2024-05-26T12:04:42Z,@ElsaY193,â¤â¤â¤â¤â¤,0
2024-05-26T12:04:38Z,@user-iy3lg7lq1c,Yeyyy akhirnya vidio yang ditunggu tunggu dari kimbab familyâ¤â¤ğŸ‰,1
2024-05-26T12:04:34Z,@rayhanprasetyaningwidyasar7650,Waaah!!! Pasti pada happy banget bisa hunting buah-buah Indonesiaâ¤â¤â¤,0
2024-05-26T12:04:33Z,@ezaofficial6113,Yeeh vidio terbaru dari kimbab familyy,0
2024-05-26T12:04:30Z,@vanya_0015,Wah kurang gercepğŸ˜¢ğŸ˜¢,0
2024-05-26T12:04:25Z,@risnayati2126,Waktunya bertemu keluarga onlinekuğŸ˜,0
2024-05-26T12:04:19Z,@indirajihan449,AKHIRNYA YG DI TUNGGU2â¤â¤,0
2024-05-26T12:04:16Z,@Adinda-xi1vz,Haloo apa kabaaarrrrr kimbab family,0
2024-05-26T12:04:12Z,@emishafebriani7279,hallo Kimbab family â¤,0
2024-05-26T12:04:05Z,@imeldaameliaputri4466,yang ditunggu setiap mingguu,0
2024-05-26T12:03:55Z,@angiec_,"Jam 7 langsung meluncur ke youtube tanpa nunggu notif, karena moodbooster buat menjalani hari Senin ya nonton youtube Kimbab Family â¤",0
2024-05-26T12:03:28Z,@aqilahumairoh6548,GERCEP NIH KIMBAB FAMILYYğŸ¤©ğŸ¤©,1
2024-05-26T12:03:23Z,@endarselutan8604,Yeyyy grocery lagi,0
2024-05-26T12:03:23Z,@umjoon_1225,Hallo Apa Kabar..ğŸ¥°ğŸ¤—,2
2024-05-26T12:03:21Z,@ariefyokochannel2731,Yeyyy.. sudah update saatnya nonton Kimbab FamilyğŸ¥°,1
2024-05-26T12:03:08Z,@andithahalida25,yeayyyy my favorite keluarga onleneğŸ’–ğŸ«¶ğŸ»,0
2024-05-26T12:02:55Z,@ninaaramadhanii,yeyyyy ada asupan kimbab family lagii!,0
2024-05-26T12:02:38Z,@ElinHerlina-mj2en,Teh &amp; kang â¤,0
2024-05-26T12:02:37Z,@alshaa.r,WIIII SERU BANGETT!!!â¤â¤,0
2024-05-26T12:02:33Z,@widiafauziah9754,Yeayyy,0
2024-05-26T12:02:28Z,@sariritonga7362,â¤ ngedate berdua ğŸ˜Š,0
2024-05-26T12:02:25Z,@fashaaaprlln_0593,Dibandung sekarang lagi nobar final Persib Bandung nyambil juga nonton kimbab family â¤â¤â¤â¤,0
2024-05-26T12:02:24Z,@ditaamaliabs,aku nungguin banget,0
2024-05-26T12:02:17Z,@Siskampel,Akhirnyaaaa yg ditunggu tungguğŸ‰â¤,1
2024-05-26T12:02:13Z,@tisya-iu2be,Yey gercep nih,0
2024-05-26T12:02:13Z,@xuxiaww7685,masyaAllah mama gina cantik bangettâ¤ï¸,0
2024-05-26T12:02:00Z,@rkszpt,yeaay gercep ğŸ˜,0
2024-05-26T12:01:56Z,@EkaAndriani-sj1hq,Tumben saya gercep,0
2024-05-26T12:01:55Z,@Gw_pensi,Yayy,0
2024-05-26T12:01:53Z,@deaanggareni,uaaaaâ¤â¤â¤,0
2024-05-26T12:01:53Z,@meilasaridewi928,UhuyyğŸ˜Š,1
2024-05-26T12:01:48Z,@KiranaFadhila,Wii saya duluaannnâ¤â¤,0
2024-05-26T12:01:44Z,@ahn155,í™”ëª©í•œ ê¹€ë°¥ê°€ì¡± ì—¬ëŸ¬ë¶„ í•­ìƒ ê±´ê°•í•˜ê³  í–‰ë³µí•˜ì‹œê¸¸ ì‘ì›í•©ë‹ˆë‹¤ğŸ˜Œ,54
2024-05-27T03:54:44Z,@KevinTejakusuma208,Yuk kita boy cod BURNING SUN dan PEGI SETIAWAN,0
2024-05-26T12:01:34Z,@rhinopowermltv1992,Udah mulai kimbab family ğŸ‰ğŸ‰ğŸ‰,8
2024-05-26T12:05:37Z,@beawaklegacy9578,Kyk nonton tipiğŸ˜‚,0
2024-05-26T12:01:27Z,@nurulaprilianifadilah8512,"rutinitas sebelum mengahadapi seninnn, nonton kimbab familyyyyğŸ¥°",23
2024-05-27T03:55:05Z,@KevinTejakusuma208,Yuk kita boy cod BURNING SUN dan PEGI SETIAWAN,0
2024-05-26T12:01:15Z,@uswatilove3537,â¤â¤â¤â¤â¤,0
2024-05-26T12:01:15Z,@user-wl3su7jq3s,pertamaaaaaaâ¤â¤â¤,0
2024-05-26T12:01:15Z,@wendypasta946,YUUUKK!!!,0
2024-05-26T12:01:15Z,@dewiadzanisafyudi2065,Love buat kimbab familyğŸ’“,0
2024-05-26T12:01:14Z,@TinaKartini-yo4te,ahay ke 3,0
2024-05-26T12:01:13Z,@haeppy0619,wahh akhirnyaa upp â¤â¤â¤,0
2024-05-26T12:01:12Z,@donna5264,FIRRRSSTTTâ¤â¤â¤,0
2024-05-26T12:01:09Z,@arifuladli9466,Semangat terus kimbab familyğŸ‰,0
2024-05-26T12:00:59Z,@VivianPiyong-gw4zr,yeahh sambil makannnâ¤,1
2024-05-26T12:00:50Z,@Brenda_bben,Yey pertama ğŸ˜ğŸ˜ğŸ˜ğŸ˜ğŸ˜,0
2024-05-26T12:26:52Z,@KimbabFamily,ğŸ˜,0
